"NPI","LN","FN","MN","PN","SN","Cred","OthLN","OthFN","OthMN","OthPN","OthSN","OthCred","OthLNType","AuthLN","AuthFN","AuthMN","AuthTitle","AuthPN","AuthSN","AuthCred"
"1003390162","LEWIS","GAIL","L.","MRS.",,"PSYCH/MENTAL HEALTH",,,,,,,,,,,,,,
"1013929397","BIBEE FRIEDMAN","E","FAYE",,,"M.S.W., L.C.S.W.","BIBEE FRIEDMAN","FAYE",,,,"M.S.W., LCSW","2",,,,,,,
"1033741673","THATCHER","JENNA",,,,,,,,,,,,,,,,,,
"1063045300","CHILTON","ALEXIS",,,,,,,,,,,,,,,,,,
"1073016143","GROVE","SARAH",,,,"FNP-C","GRIMM","SARAH","MARIE",,,,"1",,,,,,,
"1073050837","LAMB","AMY",,,,,,,,,,,,,,,,,,
"1093797078",,,,,,,,,,,,,,"WALSH","BRIAN","JOHN","PRESIDENT CEO",,,"D.O."
"1124236948",,,,,,,,,,,,,,"BLAEVER","DAVID",,"EXECUTIVE DIRECTOR",,,
"1124513270","SHAGUFTA","SHANILA",,,,"MD",,,,,,,,,,,,,,
"1144387606","GARDNER","PATRICIA","ANN","MRS.",,"M.A., CCC-SLP",,,,,,,,,,,,,,
"1174004345",,,,,,,,,,,,,,"WATSON","FORREST",,"CEO",,,
"1174165427",,,,,,,,,,,,,,"YANG","WEIDONG",,"OWNER","DR.",,"DMD"
"1184078867",,,,,,,,,,,,,,"HAYAT","HASSAN",,"MANAGING MEMBER",,,
"1184657439",,,,,,,,,,,,,,"KRESS","IRA",,"PRESIDENT",,,
"1205122595","SINGH","MANJEET",,"DR.",,"D.O.",,,,,,,,,,,,,,
"1205985819","PARIKH","MAHENDRA","J","DR.",,"M.D.",,,,,,,,,,,,,,
"1215342076","KHEHRA-MIRZAEI","SANDEEP",,,,"DPM",,,,,,,,,,,,,,
"1225232903",,,,,,,,,,,,,,"PICCIONI","LAWRENCE",,"PRESIDENT","DR.",,"MD"
"1245865310","GAFFNEY","WILLIAM","JAMES",,,,,,,,,,,,,,,,,
"1295221372",,,,,,,,,,,,,,"MISITANO","ANTHONY",,"PRESIDENT",,,
"1316161904","MADISON","KACI","CAMERRON","MS.",,"MA, CAADC, CAC-AD",,,,,,,,,,,,,,
"1336603091","SANTANA","ASHLEY",,"MS.",,"LPCMH, DVS",,,,,,,,,,,,,,
"1356728232","FISHER","ADETOKUNBO","S",,,"NP","AGORO","ADETOKUNBO",,,,,"1",,,,,,,
"1366416026","LEWALLEN","BETHANY","M",,,"O.D",,,,,,,,,,,,,,
"1386047223","TONDREAU","JULIANNE","MILES","MRS.",,"FNP","WARD","JULIANNE","MILES",,,"FNP","1",,,,,,,
"1386105666",,,,,,,,,,,,,,"ATTEBERY","M LISA",,"PRESIDENT",,,
"1386295087","SCHNEIDER","JEFFREY","A","MR.",,"ATC",,,,,,,,,,,,,,
"1396155792","CELASCHI","AMANDA",,"DR.",,"D.O.",,,,,,,,,,,,,,
"1396378485","GUTHEIL","MELISSA",,,,,,,,,,,,,,,,,,
"1407022510",,,,,,,,,,,,,,"REID","MAURICE",,"CEO",,,"MD"
"1417124348","WILLIAMS","LISA","ELENA",,,"LCSW",,,,,,,,,,,,,,
"1427051226","TOOZE","STEVEN","E","DR.",,"M.D.",,,,,,,,,,,,,,
"1457854085","MOSLEY","TRANESHA","ELAINE",,,,,,,,,,,,,,,,,
"1467978205",,,,,,,,,,,,,,"WADIEH","EDWARD",,"PRESIDENT/CEO","MR.",,
"1487977484","ROE","DENEEN","L","MRS.",,"MS, CAADC","SMITH","DENEEN","L","MISS",,"MS, CAADC","2",,,,,,,
"1497073175","ARSHAD","NADIA",,,,"MD",,,,,,,,,,,,,,
"1508376518",,,,,,,,,,,,,,"BLAEUER","DAVID",,"EXECUTIVE DIRECTOR",,,
"1518464726","SMITH","ALEXIS",,,,,,,,,,,,,,,,,,
"1528258779","DIPIETRO","JESSICA","DICERBO","DR.",,"D.M.D.","DICERBO","JESSICA","SHANE","DR.",,"D.M. D","1",,,,,,,
"1538434840","YABLONSKI","KRISTINA","ANN",,,"CNM","ANDERSON","KRISTINA",,,,,"1",,,,,,,
"1629328547","SOARES","NEHA","MARISSA","DR.",,"M.D.",,,,,,,,,,,,,,
"1639325822",,,,,,,,,,,,,,"TINSLEY","LAUREN","E","PRESIDENT",,,"L.P.C.M.H."
"1639574692","SULT","NICOLE",,,,"LPCMH",,,,,,,,,,,,,,
"1639631716","SISSON","VICTORIA","LOUISE","MRS.",,"P.T.A.",,,,,,,,,,,,,,
"1669477618","HATHTHOTUWA","ERANGA",,,,"MD",,,,,,,,,,,,,,
"1679059869",,,,,,,,,,,,,,"BARLATT","CALEB",,"CEO","MR.",,
"1699279554",,,,,,,,,,,,,,"CONNOR","JUSTIN",,"PRESIDENT",,,"MD"
"1700325057",,,,,,,,,,,,,,"KELLY","JULIE",,"OPERATIONS ASSISTANT",,,
"1720499130",,,,,,,,,,,,,,"BLAEUER","DAVID",,"EXECUTIVE DIRECTOR",,,
"1750337770",,,,,,,,,,,,,,"ELIOPULOS","TIFFANY",,"ASSISTANT MANAGER, ENROLLMENTS",,,
"1770145120","O'REILLY","CARA","MAY",,,"NP-C",,,,,,,,,,,,,,
"1780829341","PARIKH","ANUSH","MAHENDRA",,,"M.D.",,,,,,,,,,,,,,
"1790272284",,,,,,,,,,,,,,"BLAEUER","DAVID",,"EXECUTIVE DIRECTOR",,,
"1821077462","ABBRESCIA","VINCENT","D","DR.",,"D.O",,,,,,,,,,,,,,
"1841555166",,,,,,,,,,,,,,"TINSLEY","LAUREN","ELIZABETH","PRESIDENT",,,"LPCMH"
"1851373823","WALSH","BRIAN","JOHN",,,"D.O.",,,,,,,,,,,,,,
"1851760094","SCOTT","SYDNEY",,,,"PA-C",,,,,,,,,,,,,,
"1861983462","EGGLESTON","SANDRA",,,,,,,,,,,,,,,,,,
"1871000869","BEARD","RONALD","ALLEN",,,"MHS, CAADC, ICADC",,,,,,,,,,,,,,
"1881110435",,,,,,,,,,,,,,"YASIN","MUHAMMAD",,"ADMINISTRATOR",,,
"1902212830",,,,,,,,,,,,,,"FIGUEROA RIVERA","MELISSA",,"THIRD PARTY ADMINISTRATOR",,,
"1912374208",,,,,,,,,,,,,,"ELIOPULOS","TIFFANY",,"ASSISTANT MANAGER, ENROLLMENTS",,,
"1932174505",,,,,,,,,,,,,,"NEAL","GEORGE","L","ASSISTANT SECRETARY",,,
"1932614393",,,,,,,,,,,,,,"NYANDIBA","DAVID","FRANCO","OWNER","MR.",,"MSW, CAADC, CCDP D"
"1942788179",,,,,,,,,,,,,,"MCGIVERN","LYNN",,"CHIEF COMPLIANCE OFFICER",,,
"1962632364","PIRESTANI","ALIREZA",,"DR.",,"D.O.",,,,,,,,,,,,,,
"1992191720",,,,,,,,,,,,,,"WASNIEWSKI","JOHN","J","OWNER","DR.","III","DMD"
"1992226922","THEBE","SHARON",,,,,,,,,,,,,,,,,,
