"CoLoCode","NPI","Group","Count"
"30A023B02AVFIJJRHHM6NH","1932614393",,1
"3C/AVF3DMWHM6NH","1992226922",,1
"3CAV7Y4BS8E8HM6NH","1992191720","Y",3
"3CAV7Y4BSERHHM6NH","1750337770",,3
"3CAV7Y4BSRMRHM6NH","1073016143",,10
"3CAV7Y4BSRMRHM6NH","1497073175",,10
"3CAV7Y4BSRMRHM6NH","1962632364",,10
"3CJCBBOJQG09HWHHM6NH","1174165427","Y",6
"3CJCBBOJQG09HWHHM6NH","1184078867",,6
"3CKIO3FISEMH6WPRNNH","1003390162",,1
"8AJV007XJ6W6RMNNH","1124236948","Y",1
"8LS8H6NNH","1386105666","Y",1
"8M8CUL930JF09PZ8RMNNH","1942788179",,4
"8MHAJV007XJ8RERMNNH","1386047223",,5
"AGJL0FVICEHPHM6NH","1639574692",,2
"AGQGBV3I1A3BD8H8RMNNH","1629328547",,1
"AGVI1Q3IDWMEHM6NH","1467978205",,1
"AJ0AIAJJMRERMNNH","1073050837",,1
"AJ2VFVVI9JHMWRMNNH","1639631716",,1
"AJ2VFVVI9MM8RMNNH","1407022510",,7
"AJ2VFVVI9MMWRMNNH","1700325057",,1
"AJC3BSCI39J6PMHRMNNH","1699279554","Y",6
"AJO0VJZR6RMNNH","1356728232",,17
"AJV007XJM86RMNNH","1720499130","Y",4
"AJV007XJMH6RMNNH","1205985819",,4
"AJV007XJMH6RMNNH","1780829341",,4
"AJVI130QGBBLOH8HRMNNH","1013929397",,32
"AJVI130QGBBLOH8HRMNNH","1639325822","Y",32
"AJVI130QGBBLOH8HRMNNH","1841555166","Y",32
"C300QG1MR8HRMNNH","1295221372",,2
"C30VDMMPNHMENNH","1487977484","Y",1
"C330QLIOM8ZRMNNH","1366416026",,4
"C330U3IGRRRMNNH","1871000869",,1
"C3LY0L2VI3OMPMRHM6NH","1174004345",,1
"C3VBFAIAVILDNMRNHH6NNH","1386105666","Y",1
"C3VBFAIAVILDPMRNHH6NNH","1396155792",,1
"C3YIVVIUIJ8R8MENNH","1457854085",,1
"CGJ0AF7JRMNNH","1356728232",,13
"DJBYLYV0C0RMNNH","1851760094",,1
"H3C003AV0032P8HRMNNH","1417124348",,3
"HLD0JF3D30AV0MMHRMNNH","1144387606",,15
"HM8CUL930JF09PZ8RMNNH","1427051226",,8
"HM8CUL930JF09PZ8RMNNH","1508376518","Y",8
"HM8UIJ3BV30UB2JMRPRMNNH","1205122595",,7
"HMHCUL930JF09ME8RMNNH","1225232903","Y",4
"HMHCUL930JF09PZ8RMNNH","1790272284",,1
"IHMHUIJ3BV30UB2JMRPRMNNH","1770145120",,10
"KOYLIAJIBGE6PM8H6NNH","1316161904",,4
"L9/LD0J7BYAY2FL8HWNHH6NNH","1184657439",,1
"LDJ3BV30UB2HMHHHM6NH","1902212830",,2
"M8WAJ2VFVVI9MM8RMNNH","1538434840",,21
"MH8AJ2VFVVI9MM8RMNNH","1861983462",,5
"MHWAJ2VFVVI9MM8RMNNH","1669477618",,3
"MRWAJ2VFVVI9MM8RMNNH","1821077462",,5
"MRWAJ2VFVVI9MM8RMNNH","1851760094",,5
"OYJ1IFLLFOTVYBT6RNZHH6NNH","1215342076",,70
"OYJ1IFLLFOTVYBT6RNZHH6NNH","1518464726",,70
"OYJ1IFLLFOTVYBT6RNZHH6NNH","1528258779",,70
"OYJ1IFLLFOTVYBTEE6ZHH6NNH","1881110435",,1
"UI020LLBGJHRPEH6NH","1033741673",,6
"UI020LLBGJHRPEH6NH","1063045300",,6
"UI020LLBGJHRPEH6NH","1245865310",,6
"UI020LLBGJHRPEH6NH","1386295087",,6
"UI020LLBGJHRPEH6NH","1396378485",,6
"UIJ3BV0UB2JNHMHRMNNH","1679059869","Y",1
"UIJ3BV30UB2JWWZRMNNH","1932174505","Y",10
"UIV0CBB2HWRMNNH","1093797078","Y",5
"UIV0CBB2HWRMNNH","1851373823",,5
"WHKOYLIAJIBGZ6PZHH6NNH","1912374208",,1
"WMHAJVI130QBBLO8WRMNNH","1336603091",,1
"XJ00SSIYG302B3RWRHM6NH","1124513270",,1
