"NPI","AttnName","State","Zip","Taxo","TaxoDescr","Tnum","TaxoSwitch"
"1003390162","Mrs. Gail L. Lewis, Psych/Mental Health","DE","19945","364SP0808X","PA/APN: Clin Nrs Spec: Psychiatric/Mental Health",1,"Y"
"1013929397","Faye Bibee Friedman, M.S.W., L.C.S.W.","DE","19904","1041C0700X","Behav/Soc Svc: Soc Worker: Clinical",1,"Y"
"1033741673","Jenna Thatcher","DE","19716","2255A2300X","Resp/Dev/Reh/Rstr: Spec/Technol: Athletic Trainer",1,"Y"
"1063045300","Alexis Chilton","DE","19716","2255A2300X","Resp/Dev/Reh/Rstr: Spec/Technol: Athletic Trainer",1,"Y"
"1073016143","Sarah Grove, FNP-C","DE","19701","363L00000X","PA/APN: Nurse Practitioner",1,"N"
"1073016143","Sarah Grove, FNP-C","DE","19701","363LF0000X","PA/APN: NP: Family",2,"Y"
"1073050837","Amy Lamb","DE","19904","163WL0100X","Nursing: RN: Lactation Consultant",1,"Y"
"1093797078","Brian John Walsh, D.O.","DE","19904","207RP1001X","Physician: Internal Med: Pulmonary Disease",1,"Y"
"1124236948","David Blaever","DE","19904","207X00000X","Physician: Orthopaedic Surgery",1,"N"
"1124236948","David Blaever","DE","19904","207X00000X","Physician: Orthopaedic Surgery",2,"Y"
"1124513270","Shanila Shagufta, MD","DE","19701","2084P0800X","Physician: Psych/Neurol: Psychiatry",1,"Y"
"1144387606","Mrs. Patricia Ann Gardner, M.A., CCC-SLP","DE","19904","235Z00000X","Speech/Lang/Hrg: Speech-Language Pathologist",1,"Y"
"1174004345","Forrest Watson","DE","19701","261QS1000X","Amb HC Fac: Clinic/Ctr: Student Health",1,"Y"
"1174165427","Dr. Weidong Yang, DMD","DE","19701","1223G0001X","Dental: Dentist: General Practice",1,"Y"
"1184078867","Hassan Hayat","DE","19701","261QU0200X","Amb HC Fac: Clinic/Ctr: Urgent Care",1,"Y"
"1184657439","Ira Kress","DE","19971","332B00000X","Supplier: Durable Medical Equipment & Medical Supplies",1,"N"
"1184657439","Ira Kress","DE","19971","333600000X","Supplier: Pharmacy",2,"N"
"1184657439","Ira Kress","DE","19971","3336C0003X","Supplier: Pharm: Community/Retail Pharmacy",3,"Y"
"1205122595","Dr. Manjeet Singh, D.O.","DE","19904","207RC0000X","Physician: Internal Med: Cardiovascular Disease",1,"N"
"1205122595","Dr. Manjeet Singh, D.O.","DE","19904","207RI0011X","Physician: Internal Med: Interventional Cardiology",2,"Y"
"1205985819","Dr. Mahendra Parikh, M.D.","DE","19904","2085R0202X","Physician: Radiol: Diagnostic Radiology",1,"Y"
"1215342076","Sandeep Khehra-Mirzaei, DPM","DE","19971","213ES0103X","Podiatric: Podiatrist: Foot & Ankle Surgery",1,"Y"
"1225232903","Dr. Lawrence Piccioni, MD","DE","19904","207X00000X","Physician: Orthopaedic Surgery",1,"Y"
"1245865310","William James Gaffney","DE","19716","2255A2300X","Resp/Dev/Reh/Rstr: Spec/Technol: Athletic Trainer",1,"Y"
"1295221372","Anthony Misitano","DE","19904","283X00000X","Hosp: Rehabilitation Hospital",1,"Y"
"1316161904","Ms. Kaci Camerron Madison, MA, Caadc, Cac-AD","DE","19971","276400000X","Hosp Unit: Rehabilitation, Substance Use Disorder Unit",2,"Y"
"1316161904","Ms. Kaci Camerron Madison, MA, Caadc, Cac-AD","DE","19971","101YA0400X","Behav/Soc Svc: Counselor: Addiction (Substance Use Disorder)",1,"N"
"1336603091","Ms. Ashley Santana, LPCMH, DVS","DE","19904","101YM0800X","Behav/Soc Svc: Counselor: Mental Health",1,"Y"
"1356728232","Adetokunbo Fisher, NP","DE","19904","363L00000X","PA/APN: Nurse Practitioner",1,"Y"
"1366416026","Bethany Lewallen, O.D.","DE","19904","152W00000X","Eye/Vsn: Optometrist",1,"Y"
"1386047223","Mrs. Julianne Miles Tondreau, FNP","DE","19904","363LF0000X","PA/APN: NP: Family",1,"Y"
"1386047223","Mrs. Julianne Miles Tondreau, FNP","DE","19904","363LF0000X","PA/APN: NP: Family",2,"N"
"1386047223","Mrs. Julianne Miles Tondreau, FNP","DE","19904","364SF0001X","PA/APN: Clin Nrs Spec: Family Health",3,"N"
"1386105666","M. Lisa Attebery","DE","19971","208600000X","Physician: Surgery",1,"Y"
"1386295087","Mr. Jeffrey Schneider, ATC","DE","19716","2255A2300X","Resp/Dev/Reh/Rstr: Spec/Technol: Athletic Trainer",1,"Y"
"1396155792","Dr. Amanda Celaschi, D.O.","DE","19971","207V00000X","Physician: Obstetrics & Gynecology",1,"Y"
"1396378485","Melissa Gutheil","DE","19716","2255A2300X","Resp/Dev/Reh/Rstr: Spec/Technol: Athletic Trainer",1,"Y"
"1407022510","Maurice Reid, MD","DE","19904","261QU0200X","Amb HC Fac: Clinic/Ctr: Urgent Care",1,"Y"
"1417124348","Lisa Elena Williams, LCSW","DE","19904","101YM0800X","Behav/Soc Svc: Counselor: Mental Health",1,"Y"
"1427051226","Dr. Steven Tooze, M.D.","DE","19904","207X00000X","Physician: Orthopaedic Surgery",1,"Y"
"1457854085","Tranesha Elaine Mosley","DE","19960","163WM0705X","Nursing: RN: Medical-Surgical",1,"Y"
"1467978205","Mr. Edward Wadieh","DE","19701","251E00000X","Agency: Home Health",1,"Y"
"1487977484","Mrs. Deneen Roe, MS, Caadc","DE","19960","101YA0400X","Behav/Soc Svc: Counselor: Addiction (Substance Use Disorder)",1,"Y"
"1487977484","Mrs. Deneen Roe, MS, Caadc","DE","19960","101YA0400X","Behav/Soc Svc: Counselor: Addiction (Substance Use Disorder)",2,"N"
"1497073175","Nadia Arshad, MD","DE","19701","207Q00000X","Physician: Family Medicine",1,"Y"
"1508376518","David Blaeuer","DE","19904","207X00000X","Physician: Orthopaedic Surgery",1,"Y"
"1518464726","Alexis Smith","DE","19971","390200000X","Student: Student in an Organized Health Care Education/Training Program",1,"N"
"1518464726","Alexis Smith","DE","19971","1835X0200X","Pharm Svc: Pharm: Oncology",2,"Y"
"1528258779","Dr. Jessica Dicerbo Dipietro, D.M.D.","DE","19971","1223P0221X","Dental: Dentist: Pediatric Dentistry",1,"Y"
"1528258779","Dr. Jessica Dicerbo Dipietro, D.M.D.","DE","19971","1223P0221X","Dental: Dentist: Pediatric Dentistry",2,"N"
"1538434840","Kristina Ann Yablonski, CNM","DE","19904","367A00000X","PA/APN: Advanced Practice Midwife",1,"Y"
"1629328547","Dr. Neha Marissa Soares, M.D.","DE","19904","207L00000X","Physician: Anesthesiology",1,"Y"
"1629328547","Dr. Neha Marissa Soares, M.D.","DE","19904","207R00000X","Physician: Internal Medicine",2,"N"
"1639325822","Lauren Tinsley, L.P.C.M.H.","DE","19904","103TF0000X","Behav/Soc Svc: Psychol: Family",2,"N"
"1639325822","Lauren Tinsley, L.P.C.M.H.","DE","19904","103TP2701X","Behav/Soc Svc: Psychol: Group Psychotherapy",3,"N"
"1639325822","Lauren Tinsley, L.P.C.M.H.","DE","19904","251S00000X","Agency: Community/Behavioral Health",4,"N"
"1639325822","Lauren Tinsley, L.P.C.M.H.","DE","19904","261QM0801X","Amb HC Fac: Clinic/Ctr: Mental Health (Including Community Mental Health Center)",5,"N"
"1639325822","Lauren Tinsley, L.P.C.M.H.","DE","19904","261QM0850X","Amb HC Fac: Clinic/Ctr: Adult Mental Health",6,"N"
"1639325822","Lauren Tinsley, L.P.C.M.H.","DE","19904","261QM0850X","Amb HC Fac: Clinic/Ctr: Adult Mental Health",7,"N"
"1639325822","Lauren Tinsley, L.P.C.M.H.","DE","19904","261QM0855X","Amb HC Fac: Clinic/Ctr: Adolescent and Children Mental Health",8,"N"
"1639325822","Lauren Tinsley, L.P.C.M.H.","DE","19904","261QM0855X","Amb HC Fac: Clinic/Ctr: Adolescent and Children Mental Health",9,"N"
"1639325822","Lauren Tinsley, L.P.C.M.H.","DE","19904","261QM1300X","Amb HC Fac: Clinic/Ctr: Multi-Specialty",10,"N"
"1639325822","Lauren Tinsley, L.P.C.M.H.","DE","19904","261QP2300X","Amb HC Fac: Clinic/Ctr: Primary Care",11,"N"
"1639325822","Lauren Tinsley, L.P.C.M.H.","DE","19904","261QR0405X","Amb HC Fac: Clinic/Ctr: Rehabilitation, Substance Use Disorder",12,"N"
"1639325822","Lauren Tinsley, L.P.C.M.H.","DE","19904","101YM0800X","Behav/Soc Svc: Counselor: Mental Health",13,"Y"
"1639325822","Lauren Tinsley, L.P.C.M.H.","DE","19904","101YA0400X","Behav/Soc Svc: Counselor: Addiction (Substance Use Disorder)",1,"N"
"1639574692","Nicole Sult, LPCMH","DE","19701","101Y00000X","Behav/Soc Svc: Counselor",1,"Y"
"1639631716","Mrs. Victoria Louise Sisson, P.T.A.","DE","19904","225200000X","Resp/Dev/Reh/Rstr: Physical Therapy Assistant",1,"Y"
"1669477618","Eranga Haththotuwa, MD","DE","19904","207RC0000X","Physician: Internal Med: Cardiovascular Disease",1,"Y"
"1679059869","Mr. Caleb Barlatt","DE","19904","3747P1801X","Nrsg Svc Related: Technician: Personal Care Attendant",1,"Y"
"1699279554","Justin Connor, MD","DE","19904","207XP3100X","Physician: Ortho Surg: Pediatric Orthopaedic Surgery",1,"Y"
"1700325057","Julie Kelly","DE","19904","314000000X","Nrsg/CC Fac: Skilled Nursing Facility",1,"Y"
"1720499130","David Blaeuer","DE","19904","207X00000X","Physician: Orthopaedic Surgery",1,"Y"
"1750337770","Tiffany Eliopulos","DE","19701","332B00000X","Supplier: Durable Medical Equipment & Medical Supplies",1,"N"
"1750337770","Tiffany Eliopulos","DE","19701","333600000X","Supplier: Pharmacy",2,"N"
"1750337770","Tiffany Eliopulos","DE","19701","3336C0003X","Supplier: Pharm: Community/Retail Pharmacy",3,"Y"
"1770145120","Cara May O�Reilly, NP-C","DE","19904","363L00000X","PA/APN: Nurse Practitioner",1,"Y"
"1770145120","Cara May O�Reilly, NP-C","DE","19904","363LF0000X","PA/APN: NP: Family",2,"N"
"1780829341","Anush Mahendra Parikh, M.D.","DE","19904","2085R0202X","Physician: Radiol: Diagnostic Radiology",1,"Y"
"1790272284","David Blaeuer","DE","19904","261QR0200X","Amb HC Fac: Clinic/Ctr: Radiology",1,"Y"
"1821077462","Dr. Vincent Abbrescia, D.O.","DE","19904","207RC0000X","Physician: Internal Med: Cardiovascular Disease",1,"Y"
"1841555166","Lauren Elizabeth Tinsley, LPCMH","DE","19904","103TP2701X","Behav/Soc Svc: Psychol: Group Psychotherapy",5,"Y"
"1841555166","Lauren Elizabeth Tinsley, LPCMH","DE","19904","324500000X","Res Trt Fac: Substance Abuse Rehabilitation Facility",4,"N"
"1841555166","Lauren Elizabeth Tinsley, LPCMH","DE","19904","251S00000X","Agency: Community/Behavioral Health",1,"N"
"1841555166","Lauren Elizabeth Tinsley, LPCMH","DE","19904","261QM0850X","Amb HC Fac: Clinic/Ctr: Adult Mental Health",2,"N"
"1841555166","Lauren Elizabeth Tinsley, LPCMH","DE","19904","261QM0855X","Amb HC Fac: Clinic/Ctr: Adolescent and Children Mental Health",3,"N"
"1851373823","Brian John Walsh, D.O.","DE","19904","207RP1001X","Physician: Internal Med: Pulmonary Disease",1,"Y"
"1851760094","Sydney Scott, PA-C","DE","19904","363A00000X","PA/APN: Physician Assistant",1,"Y"
"1861983462","Sandra Eggleston","DE","19904","363LF0000X","PA/APN: NP: Family",1,"Y"
"1871000869","Ronald Allen Beard, MHS, Caadc, ICADC","DE","19904","101YA0400X","Behav/Soc Svc: Counselor: Addiction (Substance Use Disorder)",1,"Y"
"1881110435","Muhammad Yasin","DE","19971","332B00000X","Supplier: Durable Medical Equipment & Medical Supplies",1,"Y"
"1902212830","Melissa Figueroa Rivera","DE","19701","333600000X","Supplier: Pharmacy",1,"N"
"1902212830","Melissa Figueroa Rivera","DE","19701","3336C0003X","Supplier: Pharm: Community/Retail Pharmacy",2,"Y"
"1912374208","Tiffany Eliopulos","DE","19971","333600000X","Supplier: Pharmacy",2,"N"
"1912374208","Tiffany Eliopulos","DE","19971","3336C0003X","Supplier: Pharm: Community/Retail Pharmacy",3,"Y"
"1912374208","Tiffany Eliopulos","DE","19971","332B00000X","Supplier: Durable Medical Equipment & Medical Supplies",1,"N"
"1932174505","George Neal","DE","19904","152W00000X","Eye/Vsn: Optometrist",2,"N"
"1932174505","George Neal","DE","19904","207W00000X","Physician: Ophthalmology",3,"Y"
"1932174505","George Neal","DE","19904","332B00000X","Supplier: Durable Medical Equipment & Medical Supplies",1,"N"
"1932614393","Mr. David Franco Nyandiba, MSW, Caadc, CCDP D.","DE","19701","251E00000X","Agency: Home Health",1,"Y"
"1942788179","Lynn McGivern","DE","19904","332B00000X","Supplier: Durable Medical Equipment & Medical Supplies",1,"Y"
"1962632364","Dr. Alireza Pirestani, D.O.","DE","19701","207Q00000X","Physician: Family Medicine",1,"Y"
"1962632364","Dr. Alireza Pirestani, D.O.","DE","19701","207R00000X","Physician: Internal Medicine",2,"N"
"1962632364","Dr. Alireza Pirestani, D.O.","DE","19701","207R00000X","Physician: Internal Medicine",3,"N"
"1962632364","Dr. Alireza Pirestani, D.O.","DE","19701","208000000X","Physician: Pediatrics",4,"N"
"1962632364","Dr. Alireza Pirestani, D.O.","DE","19701","208000000X","Physician: Pediatrics",5,"N"
"1992191720","Dr. John Wasniewski III, DMD","DE","19701","1223G0001X","Dental: Dentist: General Practice",1,"Y"
"1992226922","Sharon Thebe","DE","19701","363LA2200X","PA/APN: NP: Adult Health",1,"Y"
