"PACID","NPI","OrgLBN","CountGroupPracMem","StreetAddr1","StreetAddr2","City","State","Zip","County","Rural/Urban/Sub","CoLoCode","GroupPhone","GroupFax","AuthPN","AuthFN","AuthMN","AuthLN","AuthSN","AuthCred","AuthTitle","TotalPayments_Group","Level_Group"
"0042501116",,"MEDICAL DIRECTOR SERVICES PC","61","81 PARK ST",,"ELIZABETHTOWN","NY","129322300","ESSEX","R","AJQ3IDHZ8WN8H",,,,,,,,,,1997147.05,2
"0143115691","1598008492","FAMILY PHYSICIANS OF GREELEY LLP","29","2520 W 16TH ST",,"GREELEY","CO","806344902","WELD","U","AJEHOM8P8RWEMZ","9703562520","9703566928","MR.","KYLE","JON","LYNCH",,,"PRACTICE ADMINISTRATOR",1065539.68,2
"0244136067","1982141123","W A FOOTE MEMORIAL HOSPITAL INC","464","205 N E AVE","HENRY FORD ALLEGIANCE BEHAVIOR HLTH OUTPATIENT SRV","JACKSON","MI","492011753","JACKSON","U","UI0VPM8HM8NR","5178417843","5178417419",,"KEVIN",,"LEONARD",,,"VP FINANCE",12294272.99,5
"0244138196","1841241403","SWEDISH HEALTH SERVICES","795","1101 MADISON ST","SUITE 700","SEATTLE","WA","981043599","KING","U","AJVBJFCI1HMHHRMHZN","2062152700",,,"VINCENT","H","SCHMITZ",,"CFO","CHIEF FINANCIAL OFFICER",26802611.56,6
"0244139798","1558714865","HOMETOWN HEALTH MANAGEMENT COMPANY","124","661 SIERRA ROSE DR",,"RENO","NV","895112060","WASHOE","U","3C0JB3I330FJHEEHHPNZ","7757475050","7757475005","DR.","ROBERT","W","WATSON",,"MD","PRESIDENT",2448157.60,3
"0244314102",,"THE CHRIST HOSPITAL MEDICAL ASSOCIATES, LLC","239","7545 BEECHMONT AVE C",,"CINCINNATI","OH","452554238","HAMILTON","U","GUIAVB1YG009PRP6PP8PR",,,,,,,,,,8714509.99,5
"0244650851",,"LCMC HEALTH HOLDINGS INC","9","4228 HOUMA BLVD","SUITE 200","METAIRIE","LA","700063004","JEFFERSON","U","CUL9I17BYZ88REMMM6",,,,,,,,,,207871.66,0
"0648181156","1962531863","UNC PHYSICIANS AND ASSOCIATES","1561","101 MANNING DR",,"CHAPEL HILL","NC","275144220","ORANGE","U","3C2VFVVI1HMHRHP68","9198434810",,,"KEITH",,"GRAN",,,"COO",29599697.27,6
"0648183608","1952482275","PROVIDENCE HEALTH AND SERVICES OREGON","1170","1001 PROVIDENCE DR",,"NEWBERG","OR","971327485","YAMHILL","U","3C0GV0CFUB3DHMMH8WH6N","5032154323","5032150297","MR.","DONALD","W","ANDERSON","JR.",,"ASST SEC FOR ENROLL/DIR REIMB ADMIN",21600963.31,6
"0648188250","1861914558","UNIVERSITY OF TEXAS SOUTHWESTERN MEDICAL CENTER","2324","7601 PRESTON RD",,"PLANO","TX","750243214","COLLIN","U","C3VBAJ03DHME6R8MP6","4693037000","2146450078",,"BRUCE",,"MEYER",,"MD","EXECUTIVE VICE PRESIDENT",56981287.35,7
"0648336206","1164976577","BETH AND HOWARD BRAVER MD PA","2","3700 WASHINGTON ST","SUITE 500","HOLLYWOOD","FL","330218259","BROWARD","U","AJIOMM6WH8MWW","9549800361",,"DR.","ADAM",,"SPLAVER",,"M.D","CARDIOLOGIST",296894.95,0
"0749222651","1356479687","TRIHEALTH G LLC","877","9070 WINTON RD",,"CINCINNATI","OH","452313828","HAMILTON","U","C3VBAVFOM6MNHW8PR","5132467000","5137284344",,"DONNA",,"NIENABER",,,"SR VP & CORPORATE COUNSEL",32875924.25,7
"0941420061",,"WKMC CARDIOVASCULAR CONSULTANTS","24","102 S MONROE ST",,"MINDEN","LA","710553357","WEBSTER","R","AJ0B3VB1J8MHPPMH6",,,,,,,,,,3491086.03,3
"1456592351","1932144136","SVMHS CLINICS","148","1033 LOS PALOS DR",,"SALINAS","CA","939013916","MONTEREY","U","3CJBLIDJBLWWMHHMNWN","8317572058","8317580311",,"ALLEN","B","RADNER",,"M.D.","PHYSICIAN",14124697.44,5
"1557624145","1972976710","CARDIAC CIN OF ST LOUIS LLC","5","2100 MADISON AVE",,"GRANITE CITY","IL","620404713","MADISON","U","UIVBJFCI1MMH8MRM8E","4694012386",,,"DOUGLAS",,"WEBSTER, D.O.",,,"OFFICER",1562067.78,2
"1658364740",,"BAYHEALTH MEDICAL CENTER, INC","204","101 WELLNESS WAY","200 BAYHEALTH ENDOCRINOLOGY SUSSEX","MILFORD","DE","199634366","SUSSEX","R","KIOJJ0VLL0OHMHWENNH",,,,,,,,,,12673979.32,5
"1658427042","1801116785","LAKELAND MEDICAL PRACTICES","253","4 LONGMEADOW VILLAGE DR","SUITE 2","NILES","MI","491207809","BERRIEN","U","3C2LUOBCI012VBLRM8HNR","2696846000","2696841388",,"WARREN",,"WHITE",,,"VICE PRESIDENT PHYSICIAN PRACTICES",11812231.24,5
"1759416662","1700179629","COMMUNITY PHYSICIANS OF INDIANA INC","1115","8075 N SHADELAND AVE","SUITE 200","INDIANAPOLIS","IN","462502694","MARION","U","UICVIL0CIYJVP6MZMP8ER","8773272278","8883222278",,"ABUBAKAR","ATIQ","DURRANI",,"M.D.","PRESIDENT",36349017.68,7
"1951213115","1730226937","WELLSPAN MEDICAL GROUP","1277","169 MARTIN AVE",,"EPHRATA","PA","175221724","LANCASTER","U","UIVFA3I1NEH88P6H","7177386455","7177386872","MS.","DENISE","LINDA","KOPICZ",,"BA","MEDICAL STAFF OFFICE MANAGER",48901823.95,7
"2163325242","1821075599","PHYSICIANS' CLINIC OF IOWA, PC","112","202 10TH ST SE",,"CEDAR RAPIDS","IA","524032414","LINN","U","0JAJMH8M8WMR8P","3192473010","3193992036",,"SANDRA","J","SPARENBORG",,,"CFO",13548152.70,5
"2163821604","1013204049","PILLAR HEALTH PLLC","2","1951 51ST ST NE","SUITE 1","CEDAR RAPIDS","IA","524022460","LINN","U","0VAJHPHPNH8MR8P","3192941899","3192941773","DR.","CHIRANTAN",,"GHOSH",,"MD","PHYSICIAN",72489.08,0
"2264758705",,"HEALOGICS SPECIALTY PHYSICIANS OF OKLAHOMA PLLC","17","2716 W GORE BLVD","SUITE C","LAWTON","OK","735056305","COMANCHE","U","CUL903B2OEH68PMPW6",,,,,,,,,,427030.58,0
"2466350657","1114903671","PACMED CLINICS","164","601 S CARR RD","SUITE 100","RENTON","WA","980555802","KING","U","C333IGJHMEPPMZN","4252273122","4252273772","MRS.","KIMBERLY","ANN","MORROW",,,"CERTIFIED PHARMACY TECHNICIAN",4317484.11,4
"2769813906","1962040147","HOUSTON HOSPITALIST GROUP LLC","23","1601 WATSON BOULEVARD",,"WARNER ROBINS","GA","310933431","HOUSTON","U","CUL9VBJAIOHMEHWNMHW","4789224281",,,"KIM",,"LARSEN",,,"DIRECTOR OF CREDENTIALING",1274399.52,2
"2860688728","1932320801","STEWARD MEDICAL GROUP INC","1565","2100 DORCHESTER AVE","SUITE 2202","DORCHESTER","MA","021245615","SUFFOLK","U","UI30AJ0YG3BCMMH8R8H8M","6172964012",,"DR.","KEVIN","B","DOLE",,"M.D.","CHIEF OF PATHOLOGY",97922729.07,8
"2961300165","1700336773","ASSOCIATES IN FAMILY MEDICINE P C","78","3519 RICHMOND DR",,"FORT COLLINS","CO","805265995","LARIMER","U","3CCVB1YGF3NHPWE8PMZ","9702040300","9702269041",,"HELEN","JEAN","MOSNESS",,,"CREDENTIALING",1881487.65,2
"2961310685",,"THE CHARLOTTE MECKLENBURG HOSPITAL AUTHORITY","465","10620 PARK RD","SUITE 208","CHARLOTTE","NC","282100106","MECKLENBURG","U","C3Q3IDM8EMHMH8Z8",,,,,,,,,,18068236.87,6
"2961403639",,"CHEYENNE REGIONAL PHYSICIANS GROUP LLC","78","4116 LARAMIE ST",,"CHEYENNE","WY","820011969","LARAMIE","U","AJ0F1I3ILEHHRHMM8Z",,,,,,,,,,4050651.74,4
"2961710892",,"ABKSW PREFERRED HEALTH PARTNERS,PLLC","29","3417 GASTON AVE","SUITE 700","DALLAS","TX","752462031","DALLAS","U","UIVBAJI26HRWER8P6",,,,,,,,,,2192036.89,3
"3072403476",,"OPTUMCARE FLORIDA, LLC","213","3010 W AZEELE ST","100 OPTUM HYDE PARK","TAMPA","FL","336093577","HILLSBOROUGH","U","AJ0L00/IOMHMWNMEWW",,,,,,,,,,2101161.04,3
"3173428414","1861725871","CONWAY REGIONAL MEDICAL CENTER INC","130","2200 ADA AVE","SUITE 305","CONWAY","AR","720344986","FAULKNER","U","UIICIMM88RWM86","5015135444","5014502216","MRS.","CONNIE",,"WEAR",,,"OFFICE MANAGER",6022596.26,4
"3173500196","1821176223","ORTHOCINCY ORTHOPAEDICS AND SPORTS MEDICINE","99","2139 AUBURN AVE",,"CINCINNATI","OH","452192906","HAMILTON","U","UIV3797INWH8NH8PR","8593634983",,"MRS.","BARBARA",,"TEISL",,,"ACCOUNT ADMINISTRATOR",4169471.54,4
"3274502000",,"DFD RUSSELL MEDICAL CENTER INC","16","180 CHURCH HILL RD","SUITE 1","LEEDS","ME","042633418","ANDROSCOGGIN","U","C3LYYG37YGMZHWE8RM",,,,,,,,,,11630.75,0
"3375449655","1073842035","CAROLINAS PHYSICIANS NETWORK INC","1410","14214 BALLANTYNE LAKE RD",,"CHARLOTTE","NC","282773373","MECKLENBURG","U","C3QL0VKAVILLI9RH8RH668Z8","8032832011","8032869962",,"DANIEL","L.","WIENS",,,"SENIOR VICE PRESIDENT OF OPERATIONS",59731790.21,7
"3375456619","1659364685","REGENTS OF THE UNIV OF CA","1121","2221 STOCKTON BLVD",,"SACRAMENTO","CA","958171418","SACRAMENTO","U","CUL9VBAQGBAJH8886HZPN","9167347313","9167342919","MR.","JAMES","D","KIRK",,"MD","CMO",36530682.25,7
"3375737331","1578860219","NORTHWEST COMMUNITY HEALTH SERVICES INC","261","1450 BUSCH PKWY",,"BUFFALO GROVE","IL","600894541","LAKE","U","KOQDYGJ79MPRHNZMME","8474597860",,,"MICHAEL",,"HARTKE",,,"CEO",18811483.29,6
"3678677390","1750705364","SOUTHERN ILLINOIS MEDICAL SERVICES NFP","345","117 E CLARK ST",,"HARRISBURG","IL","629462702","SALINE","R","AJQ3ILG06HHERN8E","6182528625","6182522540",,"REX","P","BUDDE",,,"CEO/PRESIDENT",11615040.43,5
"3678889789",,"OSF MULTI-SPECIALTY GROUP","1322","8600 STATE ROUTE 91","SUITE 130","PEORIA","IL","616157829","PEORIA","U","HN0A30AIAJMMEZPHEHE",,,,,,,,,,46911174.97,7
"3779482211",,"MIDDLETOWN FAMILYCARE ASSOCIATES LLC","3","114 SANDHILL DR","SUITE 101","MIDDLETOWN","DE","197095805","NEW CASTLE","U","3CLLFYCVIJRHHNM6NH",,,,,,,,,,383041.14,0
"3779635396","1194245084","MOSES CONE AFFILIATED PHYSICIANS, INC.","163","1091 KIRKPATRICK RD",,"BURLINGTON","NC","272159714","ALAMANCE","U","C3QGF3AIDQ3FQHNMHPH868","3365381880","3365381895",,"SALLY","P","HAMMOND",,,"EXECUTIVE DIRECTOR",7942638.32,4
"4183688344","1083647754","ARIZONA INPATIENT MEDICINE ASSOCIATES LLC","58","7383 E TANQUE VERDE RD",,"TUCSON","AZ","857153475","PIMA","U","C30C30U07XVIA0WZW6PH6PZ","5203183434","5203183435",,"GURUPRASAD",,"RAJU",,"MD","PRESIDENT",6278101.38,4
"4385535954",,"TEXAS HEALTH PHYSICIANS GROUP","1015","751 HEBRON PKWY","SUITE 150","LEWISVILLE","TX","750575070","DENTON","U","KOQDVB390YHP66PMP6",,,,,,,,,,50441866.20,7
"4587568647",,"SPECTRUM HEALTH PRIMARY CARE PARTNERS","1326","4868 -2 LAKE MICHIGAN DR",,"ALLENDALE","MI","494017415","OTTAWA","U","3CF1QL8ZEZRHMRNR",,,,,,,,,,19753517.74,6
"4587849781","1700096690","OUR LADY OF THE LAKE PHYSICIAN GROUP LLC","501","610 N JEFFERSON AVE","LOUISIANA CARDIOLOGY ASSOCIATES","PORT ALLEN","LA","707672414","WEST BATON ROUGE","U","UIVBJ30SS0TVMHE6E6M6","2252676626","2252675993","DR.","PHILIP","G.","PADGETT",,"M.D.","OWNER",15272236.52,5
"4789589094","1194792762","LUTHERAN HOSPITAL ASSOCIATION OF THE SAN LUIS VALLEY","89","19021 US HWY 285",,"LA JARA","CO","811409410","CONEJOS","R","PZ8KOYJ7H8MNHMRHHZ","7192745121","7192746003","MRS.","KONNI",,"MARTIN",,,"CCH CEO",3741070.19,3
"4880508068","1184663007","PALMETTO PRIMARY CARE PHYSICIANS LLC","136","115 EXECUTIVE PKWY",,"MONCKS CORNER","SC","294613955","BERKELEY","U","KOQD0UFA7G040PHHHERN8","8437612815","8438994723","DR.","THOMAS","BRANTLEY","ARNAU",,"MD","PRESIDENT",12947315.32,5
"4880590728",,"UNIVERSITY OF VIRGINIA PHYSICIANS GROUP","1261","545 RAY C HUNT DR",,"CHARLOTTESVILLE","VA","229032981","CHARLOTTESVILLE CITY","U","3CAV7YGKI3PRPWMN88",,,,,,,,,,52188458.04,7
"5193625820","1992798979","ALOK BHAIJI, MD, INC.","2","18697 BAGLEY RD",,"MIDDLEBRG HTS","OH","441303417","CUYAHOGA","U","C3K0L2I96NEZHMWHRR","4408168000","2164645982","DR.","HARRIS",,"FREED",,"M.D.","PRESIDENT",103922.25,0
"5193633386","1760651806","FLOYD HEALTHCARE MANAGEMENT INC","111","330 TURNER MCCALL BLVD SW",,"ROME","GA","301655631","FLOYD","U","JCUL9LLIGG130V37AMWWPEHMW","7062321300","7062321039","DR.","RAJ",,"MINIYAR",,"M.D.","OWNER",7040418.10,4
"5193637577","1437178662","WACO EYE ASSOCIATES, PA","6","2400 AMBASSADOR DR",,"WACO","TX","767129702","MCLENNAN","U","3C3BCIJJI91IMMR88H6E6","2547564457","2547561718",,"RHONDA",,"BANISTER",,,"OFFICE MANAGER",1042050.60,2
"5193904381","1760701890","SCENIC DRIVE INPATIENT SERVICES LLC","22","2669 SCENIC DR",,"ALAMOGORDO","NM","883108700","OTERO","R","3CGFV0GJNEE8MHWZZ","4694012386",,,"KATHY",,"KONDAS",,,"OFFICER",649688.32,1
"5395158653","1649875816","GREENVILLE ENT AND ALLERGY ASSOCIATES PA","30","1 DOCTORS DR",,"GREENVILLE","SC","296054266","GREENVILLE","U","3CJ3BAGBCHPMEN8","8645727001","8644120436","DR.","ROBERT","OSBORNE","BROWN",,"MD","MD-GREENVILLE ENT & ALLERGY ASSOC.",457890.22,0
"5496659484",,"SUMMIT PHYSICIAN SERVICES","322","46 WALNUT BOTTOM RD","WELLSPAN FAMILY MEDICINE","SHIPPENSBURG","PA","172578219","CUMBERLAND","R","C31A9A7VLIOER6P86H",,,,,,,,,,11075521.01,5
"5496900706","1851676357","NORMAN REGIONAL PROVIDERS-SPECIALTY CARE","139","700 S TELEPHONE RD","401 NRHS CARE FOR WOMEN MOORE","MOORE","OK","731602502","CLEVELAND","U","C30VBYD0L0AJMM6MEHW6","4056828383","4056828044","DR.","SENTHIL",,"RAJU",,"M.D.","OWNER",9095420.56,5
"5496940546","1417201146","UNC PHYSICIANS NETWORK","471","210 S CAMERON ST",,"HILLSBOROUGH","NC","272782505","ORANGE","U","AJVB301IGJMH8Z6868","9197329311",,,"ROBERT","LOUIS","GIANFORCARO",,"D.O.","DIRECTOR",16895624.82,6
"5597659011","1154508612","MCLAREN BAY REGION","88","3140 W CAMPUS DR","194 BAY REGIONAL MEDICAL CENTER","BAY CITY","MI","487062776","BAY","U","3CJ7D1IGOMRHWEM6ZR","9898933551","9896719275","DR.","DAVID","A","COOK",,"MD","PRESIDENT",5789347.73,4
"5698095719","1669866174","BAT RAY INPATIENT SERVICES LLC","3","2560 SAMARITAN DR",,"LAS CRUCES","NM","880011170","DONA ANA","U","3CVIAF3I1IJMEP8HMMZZ","9732511132",,,"KATHLEEN",,"KONDAS",,,"OFFICER",235493.43,0
"5799770202",,"TEXAS EAR, NOSE AND THROAT SPECIALISTS, PLLC","49","21216 NORTHWEST FWY","SUITE 310","CYPRESS","TX","774294698","HARRIS","U","KOSOVEH8H8N8R66",,,,,,,,,,4405223.37,4
"5991099707","1003307166","PRISMA HEALTH MEDICAL GROUP-MIDLANDS","744","8 RICHLAND MEDICAL PARK DR","SUITE 100","COLUMBIA","SC","292038006","RICHLAND","U","Q3IDLIGFC01CVILYGF3ZWM8N8","8032566511","8032967330",,"JAMES",,"ELLIS",,,"CHIEF INTEGRATIONL OFFICER",31053380.58,6
"6103061189","1972548667","ST. PETER'S HEALTH PARTNERS MEDICAL ASSOCIATES, P.C.","331","4 EXECUTIVE PARK DR","SUITE 2","ALBANY","NY","122033717","ALBANY","U","3CQ3ID0UFA7G040RWM88H","5184381434","5184891205","DR.","DEBBIE","A","KENNEDY",,"M.D.","PHYSICIAN",18462540.98,6
"6103723267","1902854623","CGH MEDICAL CENTER","169","100 E LE FEVRE RD",,"STERLING","IL","610811278","WHITESIDE","R","C303U0S0L0MMHHZMHE","8156250400","8156252747","MS.","KIMBERLY","A","VELAZQUEZ",,,"ASSISTANT DIRECTOR PATIENT ACCOUNTS",10324744.26,5
"6103806245",,"PARTNERS IN INTERNAL MEDICINE PLLC","7","255 N LILLEY RD",,"CANTON","MI","481873907","WAYNE","U","C3K0LLFLVPP86ZHZR",,,,,,,,,,632321.73,1
"6103942529",,"NORTH OHIO HEART INC","48","26908 COOK RD",,"OLMSTED FALLS","OH","441383548","CUYAHOGA","U","C3QBBGZMNE8ZWHRR",,,,,,,,,,4288136.35,4
"6204744600","1356372064","THE MOSES H CONE MEMORIAL HOSPITAL OPERATING CORPORATION","332","1200 N ELM ST",,"GREENSBORO","NC","274011004","GUILFORD","U","AJ1L0VMM8HHMR68","3368329943","3368328272",,"TERRENCE","BENTON","AKIN",,,"CHIEF EXECUTIVE OFFICER",5282278.65,4
"6305758426",,"OHIOHEALTH CORPORATION","1623","3705 OLENTANGY RIVER RD","SUITE 100","COLUMBUS","OH","432145406","FRANKLIN","U","C3UF3K2VIAV0LBPM6WRH8WR",,,,,,,,,,44443583.05,7
"6305758830",,"YUMA DISTRICT HOSPITAL","20","1000 W 8TH AVE YDH PROF COMP",,"YUMA","CO","807592641","YUMA","R","D1BGSB3DYCKUIZOMMMHNP6MZ",,,,,,,,,,259241.43,0
"6406805449","1811946056","NORTHWEST HOSPITAL MEDICINE PHYSICIANS LLC","35","3810 PLAZA WAY",,"KENNEWICK","WA","993382722","BENTON","U","KIO/LDMHZWZWWNN","4694012386",,,"KATHLEEN",,"KONDAS",,,"OFFICER",1246467.66,2
"6406838895",,"SOUTH FLORIDA ORTHOPAEDICS AND SPORTS MEDICINE,PA","45","1050 SE MONTEREY RD",,"STUART","FL","349944512","MARTIN","U","C3K030AVB10JMPMHRNNRW",,,,,,,,,,5336207.57,4
"6507054582",,"FLORIDA DIGESTIVE HEALTH SPECIALISTS, LLP","81","11505 PALMBRUSH TRL",,"LAKEWOOD RANCH","FL","342022915","MANATEE","U","L3AYJ7391LIDPMPHH8M8RW",,,,,,,,,,12025818.91,5
"6507840634",,"WICHITA SURGICAL SPECIALISTS PA","45","10090 E SHANNON WOODS CIR",,"WICHITA","KS","672264107","SEDGWICK","U","FGJCBBOVBVVIYJ0MNMMHE886E",,,,,,,,,,4888268.08,4
"6608776299","1982259305","SSM MEDICAL GROUP INC","479","100 MEDICAL PLZ",,"LAKE SAINT LOUIS","MO","633671366","SAINT CHARLES","U","/LDLIGFC01MMH6EWWE","6366255200",,,"DAVID",,"BIRDSALL",,"M.D","C.O.O",20225059.34,6
"6709049703","1932739794","LONESTAR HOSPITAL MEDICINE ASSOCIATES PA","96","600 ELIZABETH ST",,"CORPUS CHRISTI","TX","784042235","NUECES","U","AJYA09I/FL0MMERMRZ6","3618813000",,,"AMANDO",,"GARZA",,"LSA","CEO",6162935.39,4
"6709065402","1639533896","WELLSTAR MEDICAL GROUP, LLC","1474","8954 HOSPITAL DR",,"DOUGLASVILLE","GA","301342272","DOUGLAS","U","3CLIAFDJBYRPNZRWHMW","7709424822","7709425311",,"NICOLE",,"ASHE",,,"EXECUTIVE DIRECTOR OF FINANCE",60742173.46,7
"6709133135","1972094027","PLYMOUTH URGENT CARE WALK-IN CLINIC LLC","4","1498 S SHELDON RD",,"PLYMOUTH","MI","481702140","WAYNE","U","C3VBCL0YJJZNRHM6HZR","7348904627",,"DR.","MUHAMMAD","N","AHMAD",,"MD","PHYSICIAN",125197.29,0
"6800858622",,"ADVANCED UROLOGY ASSOCIATES SC","13","1891 SILVER CROSS BLVD","SUITE 430","NEW LENOX","IL","604519593","WILL","U","CUL9JJB3G30ULFJHNZHHPRME",,,,,,,,,,3970845.62,3
"6901893205",,"ST HELENA PARISH HOSPITAL","7","16874 HWY 43 N",,"GREENSBURG","LA","704414834","SAINT HELENA","U","VWRKOYR6ZEHHRRM6",,,,,,,,,,167475.59,0
"7012811284","1801136981","COMMUNITY MEDICAL ASSOCIATES INC","967","210 E GRAY ST","SUITE 700","LOUISVILLE","KY","402023903","JEFFERSON","U","AJKI320MH88M8MR","5026292610","5026292605","DR.","BRIAN","P","THORNTON",,"MD","PRESIDENT",41388415.36,7
"7113098393","1962800136","ST MARY'S MEDICAL GROUP, INC","82","2470 DANIELS BRIDGE RD","SUITE 251","ATHENS","GA","306066192","CLARKE","U","C3239JL0FVICM6R8EMEMW","7066236699","7068507733",,"PAUL","D","WEIR",,,"MEMBER",4210962.27,4
"7113839606",,"CONWAY HOSPITAL INC","77","6010 HWY 707","SUITE 300","MYRTLE BEACH","SC","295887321","HORRY","U","6M6KOYMHMEZZPN8",,,,,,,,,,2931412.54,3
"7214832856",,"PENSACOLA NEPHROLOGY PA","31","406 MEDICAL PARK DR",,"ATMORE","AL","365023016","ESCAMBIA","R","3CQ3IDLIGFC01EMR8MPEW",,,,,,,,,,6370997.94,4
"7214847995","1124321328","MCR HEALTH INC","60","1148 E GIBSON ST","COMMUNITY CARE FAMILY CLINIC","ARCADIA","FL","342665011","DESOTO","R","AJVBJ9F20ZRHHEE8RW","8634946222","8634943227","MR.","PATRICK",,"CARNEGIE",,,"PRESIDENT & CEO",1781352.82,2
"7315176898",,"WK BOSSIER HYPERBARIC AND WOUND CARE CENTER","3","2300 HOSPITAL DR",,"BOSSIER CITY","LA","711112394","BOSSIER","U","3CLIAFDJBYMMW8HHHH6",,,,,,,,,,216717.96,0
"7315267325","1912982703","PRIME HEALTHCARE KANSAS CITY - PHYSICIAN SERVICES LLC","65","1000 CARONDELET DR","SUITE 201B","KANSAS CITY","MO","641144673","JACKSON","U","3CA0L0CVB3IGMMMHRHHRE","8169424400",,,"KATHLEEN",,"KONDAS",,,"OFFICER",4898477.17,4
"7618880667","1710945969","HAWAII PERMANENTE MEDICAL GROUP INC","480","3288 MOANALUA RD",,"HONOLULU","HI","968191469","HONOLULU","U","C3I7LIVIB1ZZ8WNHZEN","8084320000",,"DR.","CHRISTOPHER","B.","STEFANELLI",,"MD","ASST. MED DIRECTOR BUSINESS SVCS",1715229.94,2
"7618968066",,"THE CORPORATION OF MERCER UNIVERSITY","41","1603 COLLEGE ST",,"MACON","GA","312070001","BIBB","U","AJ020LLBGWMEH6M8HW",,,,,,,,,,1355063.40,2
"7719880129","1114104114","ST LOUIS HEART AND VASCULAR PC","23","11155 DUNN RD","304E","SAINT LOUIS","MO","631366111","SAINT LOUIS","U","C3VV7CPPHHHEWHWE","3147411400","3147410175",,"RICK","G","HUMMEL",,"MD","PRESIDENT",5149330.51,4
"8022919570","1639633357","MEMORIAL HEALTH PARTNERS FOUNDATION, INC","251","1720 GUNBARREL RD",,"CHATTANOOGA","TN","374213192","HAMILTON","U","C3L033I9V72M86HH8R6W","2058228038",,,"DAVID","VANDIVER","THORPE",,,"PRESIDENT",14165315.53,5
"8224088877","1164098109","COLUMBUS ONCOLOGY ASSOCIATES INC","19","810 JASONWAY AVE","SUITE A","COLUMBUS","OH","432144359","FRANKLIN","U","UIKIOVBJITMHZRH8WR","6144423142","6149679183",,"PETER","J","KOURLAS",,"MD","MEDICAL DOCTOR",1923424.46,2
"8325950983","1821097825","PRISMA HEALTH UNIVERSITY MEDICAL GROUP","1634","298 MEMORIAL DR",,"SENECA","SC","296729443","OCONEE","R","3CLIF3B101ZN886EN8","8648857113",,,"BLAKE","C","POLEYNARD",,"MD","PRESIDENT",68604891.26,8
"8325955974","1619222759","GLENS FALLS HOSPITAL INC","153","79 N ST","GRANSVILLE FAMILY HEALTH","GRANVILLE","NY","128321137","WASHINGTON","R","AJVN68WZ8H","5186420612","5186420693",,"PAUL",,"SCIMECA",,,"VICE PRESIDENT PHYSICIAN PRACTICES",4341669.79,4
"8426382243","1255894952","EAST BATON ROUGE EMERGENCY PHYSICIANS GROUP, LLC","13","6300 MAIN ST",,"ZACHARY","LA","707914037","EAST BATON ROUGE","U","AJVFI1MMWEHN6M6","2256584000","3375340953",,"AMY","D","PROVOST",,,"AUTHORIZED OFFICIAL",496119.67,0
"8426960360","1306880083","UT PHYSICIANS","1229","6410 FANNIN ST",,"HOUSTON","TX","770303005","HARRIS","U","AJVFVVISMHREMWM66","7137998300","7137998305",,"VICTOR",,"ANKOMA-SEY",,"MD","MEDICAL DIRECTOR",25071629.09,6
"8426967803","1881974186","SANFORD MEDICAL CENTER FARGO","759","2400 32ND AVE S",,"FARGO","ND","581035800","CASS","U","JUI8WMMR8WMHZP","7012348800",,,"MARTHA",,"LECLERC",,,"VICE PRESIDENT",24097023.41,6
"8628065836",,"NORTHWEST RENAL CLINIC INC","37","9701 SW BARNES RD","SUITE 110","PORTLAND","OR","972256774","WASHINGTON","U","C3J0V3I9OJHM6NP886N",,,,,,,,,,3671178.44,3
"8628979267","1629394663","TAHOE FRACTURE AND ORTHOPEDIC MEDICAL CLINIC, INC.","28","973 MICA DR","SUITE 201","CARSON CITY","NV","897057258","DOUGLAS","R","3CIGF1W6NPM6NZ","7752672992","5033722755","DR.","RANDALL","L","GOODE",,"MD","OWNER",2912453.89,3
"8729990239","1891035010","UNIVERSITY OF PITTSBURGH PHYSICIANS","3502","9100 BABCOCK BLVD",,"PITTSBURGH","PA","152375815","ALLEGHENY","U","CUL9QGBG9I9MMHN6W8PH","4123676700",,,"MARK","T","EHALT",,,"SR.DIRECTOR",51148834.29,7
"8820175680",,"OSCAR MENDEZ MD PA","6","2951 NW 49TH AVE","SUITE 306","FT LAUDERDALE","FL","333131639","BROWARD","U","UINROVHPN8WHWWW",,,,,,,,,,430976.69,0
"8921045667","1689898108","HOLY ROSARY HEALTHCARE","31","2600 WILSON ST",,"MILES CITY","MT","593015094","CUSTER","R","AJVBJLFOMME8HMWNP","4062332600","4062332763",,"PAUL",,"LEWIS",,,"CHIEF EXECUTIVE OFFICER",1015353.15,2
"8921903923",,"SENTARA MEDICAL GROUP","876","400 COLISEUM DR","SUITE 445","HAMPTON","VA","236665984","HAMPTON CITY","U","3C170JFLBGMMREEEW8",,,,,,,,,,46050241.05,7
"9032012638",,"RALEIGH ORTHOPAEDIC CLINIC PA","102","3001 EDWARDS MILL RD","SUITE 200","RALEIGH","NC","276125243","WAKE","U","C3L1JC3IOC0HMMW8HE68",,,,,,,,,,2580398.94,3
"9032022579","1801920814","KAISER FOUNDATION HEALTH PLAN OF WASHINGTON","1499","20200 54TH AVE W",,"LYNNWOOD","WA","980366318","SNOHOMISH","U","OUIRPMM8M8EWMZN","4256726456","4256726570",,"KATHY",,"BEERY",,,"DIRECTOR",7440158.40,4
"9133023625","1912482332","MARION GENERAL HOSPITAL","93","441 N WABASH AVE","MGH EMERGENCY PHYSICIANS","MARION","IN","469522612","GRANT","R","UIYJI9IOVHRR8PNER","7656606900","7656624528",,"STEPHANIE",,"HILTON-SIEBERT",,,"PRESIDENT CEO",3783836.11,3
"9335114941","1063487809","DICKSON ORTHOPEDICS PA","13","1010 S MAIN ST",,"JONESBORO","AR","724014362","CRAIGHEAD","U","AJVFI1JMHMHHMR86","8709321820","8709726712",,"KACEY","LYNN","DAVIS",,,"OFFICE MANAGER",853670.44,1
"9537070586","1225065527","ARTESIA GENERAL HOSPITAL","45","612 N 13TH ST",,"ARTESIA","NM","882101167","EDDY","R","AJWHV8HEMH8ZZ","5057488356","5057488305",,"KENNETH","W","RANDALL",,,"CEO",1276193.71,2
"9638343924","1811304124","NORTHSIDE PRIMARY CARE PROFESSIONAL SERVICES LLC","225","550 PEACHTREE ST NE","SUITE 1230","ATLANTA","GA","303082238","FULTON","U","0VAJ003AYGI0DMPPZMWMW","4048150348","4046863242",,"DERIK","K","KING",,,"LLP MANAGING PARTNER",10143135.25,5
"9638457013",,"TMC MEDICAL NETWORK","85","1396 N WILMOT RD",,"TUCSON","AZ","857125132","PIMA","U","C3AB1LFOVENWH8H6PZ",,,,,,,,,,3021462.12,3
"9739098617",,"KADLEC REGIONAL MEDICAL CENTER","318","1135 JADWIN AVE",,"RICHLAND","WA","993523434","BENTON","U","UIVFOCITPWHH8PWNN",,,,,,,,,,17469344.12,6
"9739162637",,"REGIONAL OTOLARYNGOLOGY HEAD AND NECK ASSOCIATES, LLC","34","200 BOWMAN DR","SUITE D285","VOORHEES","NJ","080439626","CAMDEN","U","3CVI1OB9MM8WRMZM",,,,,,,,,,1563273.92,2
"9739171463",,"SOUTHERN MS HEART CENTER,PA","8","4300 HOSPITAL ST","SUITE 102","PASCAGOULA","MS","395815329","JACKSON","U","AJLIAFDJBYMMWRHZPNW",,,,,,,,,,1467192.67,2
"9830002617",,"VIRGINIA MASON MEDICAL CENTER","783","4575 SAND POINT WAY NE","SUITE 108","SEATTLE","WA","981053999","KING","U","0VKIOADCVIJP6PRPMHZN",,,,,,,,,,32453108.14,7
"9830084540","1033167234","MEDICAL CLINIC OF NORTH TEXAS, PLLC","190","811 W INTERSTATE 20 120","USMD ARLINGTON SOUTH","ARLINGTON","TX","760175871","TARRANT","U","M8HM8FOHHZ6HME6","9728470712","8174194605","MR.","MICHAEL","W","BUKOSKY",,,"PRESIDENT PPM",14037791.33,5
"9830096585",,"CARILION MEDICAL CENTER","643","2900 LAMB","700A","CHRISTIANSBURG","VA","240736344","MONTGOMERY","U","91ILMMN8W6MR8",,,,,,,,,,24811299.01,6
