"NPI","ReportedOrder","Taxonomy","License","LicenseState","IsPrimary","Specialty"
"1003110743",1,"207Q00000X","073349","GA","Y","Physician: Family Medicine"
"1023119013",1,"208800000X","0101267898","VA","Y","Physician: Urology"
"1093711103",1,"207RX0202X","35076326","OH","Y","Physician: Internal Medicine:  Medical Oncology"
"1104023993",1,"207Y00000X","P2745","TX","Y","Physician: Otolaryngology"
"1104194463",1,"207Q00000X","ME 118595","FL","Y","Physician: Family Medicine"
"1104225713",1,"207R00000X","036143010","IL","N","Physician: Internal Medicine"
"1104225713",2,"390200000X",,,"N","Student: Student in an Organized Health Care Education/Training Program"
"1104225713",3,"208M00000X","036143010","IL","Y","Physician: Hospitalist"
"1104814573",1,"207Y00000X","M0768","TX","Y","Physician: Otolaryngology"
"1104829993",1,"2086S0105X","200500273","NC","N","Physician: Surgery: Surgery of the Hand"
"1104829993",2,"207X00000X","200500273","NC","Y","Physician: Orthopaedic Surgery"
"1104886043",1,"174400000X","H3796","TX","N","Other Prov: Specialist"
"1104886043",2,"207W00000X","H3796","TX","Y","Physician: Ophthalmology"
"1114038403",1,"207QA0505X","27631","CO","N","Physician: Family Medicine: Adult Medicine"
"1114038403",2,"207Q00000X","DR.0027631","CO","Y","Physician: Family Medicine"
"1114955283",1,"163WW0000X","00000000000000000","OH","N","Nursing: RN: Wound Care"
"1114955283",2,"207R00000X","35067586B","OH","Y","Physician: Internal Medicine"
"1114977063",1,"207Q00000X","036104502","IL","Y","Physician: Family Medicine"
"1124015433",1,"207Q00000X","MD153026","OR","N","Physician: Family Medicine"
"1124015433",2,"207Q00000X","MD60200769","WA","Y","Physician: Family Medicine"
"1124025283",1,"207P00000X","025596","LA","N","Physician: Emergency Medicine"
"1124025283",2,"207Q00000X","025596","LA","Y","Physician: Family Medicine"
"1124118963",1,"207RE0101X","93254","NM","N","Physician: Internal Medicine: Endocrinology, Diabetes and Metabolism"
"1124118963",2,"207RE0101X","93-254","NM","Y","Physician: Internal Medicine: Endocrinology, Diabetes and Metabolism"
"1124253133",1,"207R00000X","35461","SC","N","Physician: Internal Medicine"
"1124253133",2,"207R00000X","45198","KY","Y","Physician: Internal Medicine"
"1124284963",1,"207X00000X","58.002493","OH","Y","Physician: Orthopaedic Surgery"
"1124344403",1,"207R00000X","069697","GA","Y","Physician: Internal Medicine"
"1124369483",1,"207Q00000X","34.011970","OH","Y","Physician: Family Medicine"
"1124461033",1,"207X00000X","25MA10577800","NJ","N","Physician: Orthopaedic Surgery"
"1124461033",2,"207XX0004X","84826","SC","Y","Physician: Orthopaedic Surgery: Foot and Ankle Surgery"
"1134304223",1,"207R00000X","MD150662","OR","Y","Physician: Internal Medicine"
"1134313463",1,"207R00000X","25818","OK","Y","Physician: Internal Medicine"
"1134354293",1,"207Q00000X","E7933","AR","Y","Physician: Family Medicine"
"1134544703",1,"207R00000X","R2351","TX","Y","Physician: Internal Medicine"
"1144214123",1,"207Q00000X","22198","IA","Y","Physician: Family Medicine"
"1144214503",1,"207R00000X","156939","NY","Y","Physician: Internal Medicine"
"1144283243",1,"207R00000X","4301065397","MI","Y","Physician: Internal Medicine"
"1144295593",1,"208M00000X","2016-02461","NC","Y","Physician: Hospitalist"
"1144431933",1,"207Q00000X","201534","LA","Y","Physician: Family Medicine"
"1144480963",1,"207RS0012X","72324","GA","N","Physician: Internal Medicine:  Sleep Medicine"
"1144480963",2,"207RC0200X","72324","GA","N","Physician: Internal Medicine: Critical Care Medicine"
"1144480963",3,"207RP1001X","72324","GA","Y","Physician: Internal Medicine: Pulmonary Disease"
"1144496993",1,"207Q00000X","ME117177","FL","Y","Physician: Family Medicine"
"1144592353",1,"207Q00000X","2012-01356","NC","Y","Physician: Family Medicine"
"1154315513",1,"207Q00000X","MD427383","PA","Y","Physician: Family Medicine"
"1154390763",1,"207R00000X","23218","SC","Y","Physician: Internal Medicine"
"1154402253",1,"207Q00000X","DR.0054608","CO","N","Physician: Family Medicine"
"1154402253",2,"207VX0000X","MD00040899","WA","N","Physician: Ob/Gyn: Obstetrics"
"1154402253",3,"207Q00000X","MD00040899","WA","Y","Physician: Family Medicine"
"1154404143",1,"207Q00000X","G0005169","DE","Y","Physician: Family Medicine"
"1154527513",1,"207R00000X","N4202","TX","Y","Physician: Internal Medicine"
"1154708543",1,"207Q00000X","38341","SC","Y","Physician: Family Medicine"
"1164424313",1,"207XX0004X","33496","KY","N","Physician: Orthopaedic Surgery: Foot and Ankle Surgery"
"1164424313",2,"207X00000X","33496","KY","Y","Physician: Orthopaedic Surgery"
"1164429353",1,"208600000X","MD055443L","PA","N","Physician: Surgery"
"1164429353",2,"2086X0206X","MD055443L","PA","Y","Physician: Surgery: Surgical Oncology"
"1164482683",1,"207YX0905X","39005","SC","N","Physician: Otolaryngology: Otolaryngology/Facial Plastic Surgery"
"1164482683",2,"207Y00000X","39005","SC","Y","Physician: Otolaryngology"
"1164520243",1,"207Q00000X","ME98741","FL","Y","Physician: Family Medicine"
"1164521803",1,"207Q00000X","200201280","NC","Y","Physician: Family Medicine"
"1164528873",1,"208800000X","37311","TN","Y","Physician: Urology"
"1164651543",1,"207Q00000X","2009015680","MO","N","Physician: Family Medicine"
"1164651543",2,"207Q00000X","2011019238","MO","Y","Physician: Family Medicine"
"1164743183",1,"390200000X",,,"N","Student: Student in an Organized Health Care Education/Training Program"
"1164743183",2,"207Q00000X","P4995","TX","Y","Physician: Family Medicine"
"1174543573",1,"207X00000X","ME96130","FL","N","Physician: Orthopaedic Surgery"
"1174543573",2,"207XS0117X","ME96130","FL","Y","Physician: Orthopaedic Surgery: Orthopaedic Surgery of the Spine"
"1174566053",1,"207R00000X","E6406","TX","Y","Physician: Internal Medicine"
"1174586143",1,"207Q00000X","35070137","OH","Y","Physician: Family Medicine"
"1174728893",1,"207RC0000X","036145685","IL","N","Physician: Internal Medicine: Cardiovascular Disease"
"1174728893",2,"207RI0011X","036145685","IL","N","Physician: Internal Medicine: Interventional Cardiology"
"1174728893",3,"207RI0011X","2012015742","MO","N","Physician: Internal Medicine: Interventional Cardiology"
"1174728893",4,"390200000X","2006015657","MO","N","Student: Student in an Organized Health Care Education/Training Program"
"1174728893",5,"207RC0000X","2012015742","MO","Y","Physician: Internal Medicine: Cardiovascular Disease"
"1174759203",1,"207X00000X","2008011074","MO","Y","Physician: Orthopaedic Surgery"
"1174759203",2,"207XS0114X","0535651","KS","N","Physician: Orthopaedic Surgery: Adult Reconstructive Orthopaedic Surgery"
"1174768063",1,"208600000X","62729","GA","Y","Physician: Surgery"
"1174777973",1,"207RN0300X","DO156294","OR","Y","Physician: Internal Medicine: Nephrology"
"1174830863",1,"207Q00000X","265445","NY","Y","Physician: Family Medicine"
"1174963953",1,"207R00000X","LL35708","SC","N","Physician: Internal Medicine"
"1174963953",2,"207RE0101X","02004827A","IN","N","Physician: Internal Medicine: Endocrinology, Diabetes and Metabolism"
"1174963953",3,"207RE0101X","35708","SC","Y","Physician: Internal Medicine: Endocrinology, Diabetes and Metabolism"
"1184016073",1,"207R00000X","01078087A","IN","N","Physician: Internal Medicine"
"1184016073",2,"390200000X",,"NY","N","Student: Student in an Organized Health Care Education/Training Program"
"1184016073",3,"207R00000X","4301111129","MI","Y","Physician: Internal Medicine"
"1184042293",1,"390200000X",,,"N","Student: Student in an Organized Health Care Education/Training Program"
"1184042293",2,"207Q00000X","35.130402","OH","Y","Physician: Family Medicine"
"1184672123",1,"207RP1001X","ME61028","FL","N","Physician: Internal Medicine: Pulmonary Disease"
"1184672123",2,"207R00000X","ME61028","FL","Y","Physician: Internal Medicine"
"1184770083",1,"207RG0100X","ME43998","FL","Y","Physician: Internal Medicine: Gastroenterology"
"1194016733",1,"207Q00000X","51995","CO","Y","Physician: Family Medicine"
"1194040303",1,"207RA0201X","MD457181","PA","Y","Physician: Internal Medicine: Allergy and Immunology"
"1194188383",1,"363AS0400X",,"TX","N","PA/APN: PA: Surgical"
"1194188383",2,"208800000X","PA10406","TX","Y","Physician: Urology"
"1194713313",1,"207Q00000X","38200","CO","N","Physician: Family Medicine"
"1194713313",2,"207Q00000X","MD26926","OR","Y","Physician: Family Medicine"
"1194725143",1,"207Y00000X","25MA05930900","NJ","Y","Physician: Otolaryngology"
"1194801993",1,"207Q00000X","DO2113","ME","Y","Physician: Family Medicine"
"1194846923",1,"207RN0300X","MD.30541","AL","N","Physician: Internal Medicine: Nephrology"
"1194846923",2,"207RN0300X","ME97915","FL","Y","Physician: Internal Medicine: Nephrology"
"1194992073",1,"207Q00000X","A103061","CA","N","Physician: Family Medicine"
"1194992073",2,"207Q00000X","MD-17961","HI","Y","Physician: Family Medicine"
"1275511883",1,"207R00000X","036066849","IL","Y","Physician: Internal Medicine"
"1285653113",1,"207RC0000X","MS17347","MS","Y","Physician: Internal Medicine: Cardiovascular Disease"
"1295732113",1,"207Q00000X","MD00040495","WA","Y","Physician: Family Medicine"
"1326045113",1,"208600000X","0428367","KS","Y","Physician: Surgery"
"1326117623",1,"208G00000X","3039","OK","Y","Physician: Thoracic Surgery (Cardiothoracic Vascular Surgery)"
"1396181103",1,"207Q00000X","DR.0054533","CO","Y","Physician: Family Medicine"
"1407118953",1,"208M00000X","OS016745","PA","N","Physician: Hospitalist"
"1407118953",2,"207Q00000X","OS016745","PA","Y","Physician: Family Medicine"
"1417111063",1,"207RC0001X","C2-0012708","DE","Y","Physician: Internal Medicine: Clinical Cardiac Electrophysiology"
"1417111063",2,"207RC0000X","C2-0012708","DE","N","Physician: Internal Medicine: Cardiovascular Disease"
"1417921123",1,"207RC0000X","09412R","LA","Y","Physician: Internal Medicine: Cardiovascular Disease"
"1457791113",1,"207Q00000X","01075859A","IN","N","Physician: Family Medicine"
"1457791113",2,"207R00000X","036150828","IL","Y","Physician: Internal Medicine"
"1548249113",1,"207R00000X","036086159","IL","Y","Physician: Internal Medicine"
"1639112303",1,"207RC0000X","01067505A","IN","N","Physician: Internal Medicine: Cardiovascular Disease"
"1639112303",2,"207RC0001X","036107040","IL","N","Physician: Internal Medicine: Clinical Cardiac Electrophysiology"
"1639112303",3,"207RC0001X","01067505A","IN","Y","Physician: Internal Medicine: Clinical Cardiac Electrophysiology"
"1730114083",1,"207P00000X","02002852A","IN","N","Physician: Emergency Medicine"
"1730114083",2,"207Q00000X","0102-201235","VA","Y","Physician: Family Medicine"
"1750547113",1,"207RH0003X","MD 60222813","WA","Y","Physician: Internal Medicine: Hematology and Oncology"
"1790732113",1,"207X00000X","5101015105","MI","Y","Physician: Orthopaedic Surgery"
"1801193883",1,"390200000X",,,"N","Student: Student in an Organized Health Care Education/Training Program"
"1801193883",2,"207X00000X","DO2180","NV","Y","Physician: Orthopaedic Surgery"
"1801193883",3,"207X00000X","036.138409","IL","N","Physician: Orthopaedic Surgery"
"1811193923",1,"207RH0000X","2014-02097","NC","Y","Physician: Internal Medicine: Hematology"
"1811242753",1,"207R00000X","5101019819","MI","Y","Physician: Internal Medicine"
"1811331713",1,"207Q00000X","16438","NV","Y","Physician: Family Medicine"
"1811943343",1,"2084N0400X","24960","SC","N","Physician: Psych/Neurol: Neurology"
"1811943343",2,"2084N0400X","01818","NC","Y","Physician: Psych/Neurol: Neurology"
"1821156233",1,"207RH0003X","MD00047780","WA","Y","Physician: Internal Medicine: Hematology and Oncology"
"1821408113",1,"207Q00000X","20A14664","CA","N","Physician: Family Medicine"
"1821408113",2,"208M00000X","20A14664","CA","Y","Physician: Hospitalist"
"1831164193",1,"174400000X","MD426589","PA","N","Other Prov: Specialist"
"1831164193",2,"207R00000X","A75440","CA","Y","Physician: Internal Medicine"
"1831169333",1,"207Q00000X","35075128","OH","Y","Physician: Family Medicine"
"1831185073",1,"207R00000X","33226","AZ","Y","Physician: Internal Medicine"
"1831187053",1,"207Q00000X","ME0073751","FL","Y","Physician: Family Medicine"
"1851511703",1,"207X00000X","E-5965","AR","N","Physician: Orthopaedic Surgery"
"1851511703",2,"207XX0005X","E-5965","AR","Y","Physician: Orthopaedic Surgery: Sports Medicine"
"1861705113",1,"207Q00000X","Q1176","TX","Y","Physician: Family Medicine"
"1861811663",1,"207Q00000X","56390","CO","Y","Physician: Family Medicine"
"1912118753",1,"207R00000X","N2682","TX","Y","Physician: Internal Medicine"
"1932111903",1,"207R00000X","J7775","TX","Y","Physician: Internal Medicine"
"1982011763",1,"202K00000X","273667","MA","N","Physician: Phlebology"
"1982011763",2,"208M00000X","14809","ND","N","Physician: Hospitalist"
"1982011763",3,"208M00000X","273667","MA","N","Physician: Hospitalist"
"1982011763",4,"207RC0000X","273667","MA","Y","Physician: Internal Medicine: Cardiovascular Disease"
"1992112973",1,"207RE0101X","11592A","WY","Y","Physician: Internal Medicine: Endocrinology, Diabetes and Metabolism"
