"NPI","OrgName_LBN","OthOrgName","OthOrgNameType","ParentOrgLBN"
"1093797078","DOVER PULMONARY, P.A.",,,
"1124236948","FIRST STATE ORTHOPAEDICS PA",,,
"1174004345","THE LIFE CENTER COMPLEX, INC.","THE LIFE HEALTH CENTER","3","THE LIFE CENTER COMPLEX, INC."
"1174165427","DELAWARE DENTAL SOLUTIONS LLC",,,"DELAWARE DENTAL SOLUTIONS"
"1184078867","PREMIER HEALTH SERVICE, LLC",,,
"1184657439","GIANT OF MARYLAND LLC","SUPER G PHARMACY 387","3",
"1225232903","LAWRENCE PICCIONI MD PA",,,
"1295221372","PAM SQUARED AT DOVER LLC","PAM REHABILITATION HOSPITAL OF DOVER","3",
"1386105666","COMPREHENSIVE BREAST CENTER, LLC",,,
"1407022510","EDEN HILL EXPRESS CARE, LLC",,,
"1467978205","IJN HEALTH SYSTEMS, LLC",,,
"1508376518","FIRST STATE ORTHOPAEDICS, PA",,,
"1639325822","A CENTER FOR MENTAL WELLNESS, INC.","A CENTER FOR MENTAL WELLNESS COMMUNITY SUPPORT PROGRAMS, LLC","5",
"1679059869","VICDANIA HOME SERVICES",,,
"1699279554","JUSTIN CONNOR MD LLC","GROWING BONES PEDIATRIC & NEUROMUSCULAR ORTHOPAEDIC INSTITUTE","3",
"1700325057","CENTER AT EDEN HILL LLC","THE CENTER AT EDEN HILL","3",
"1720499130","FIRST STATE ORTHOPAEDICS, PA",,,
"1750337770","ACME MARKETS INC","SAV-ON PHARMACY #0817","3",
"1790272284","FIRST STATE ORTHOPAEDICS, PA",,,
"1841555166","A CENTER FOR MENTAL WELLNESS, INC.","CHRYSALIS IN KENT AT ACFMW","3",
"1881110435","SUSSEX MEDICAL SUPPLIES",,,
"1902212830","DELAWARE SUPERMARKETS INC",,,
"1912374208","ACME MARKETS INC","ACME PHARMACY #2679","3",
"1932174505","DELAWARE EYE CARE CENTER PA","DELAWARE EYE INSTITUTE","3",
"1932614393","STEPS CENTER LLC","STEPS HOMECARE SERVICES","3",
"1942788179","ATI HOLDINGS LLC","ATI PHYSICAL THERAPY","3",
"1992191720","JOHN WASNIEWSKI III DMD PA",,,
