"NPI","Tnum","Taxo","Lic","LicState","TaxoSwitch","TaxoDescr"
"1003390162",1,"364SP0808X","LE-0000195","DE","Y","PA/APN: Clin Nrs Spec: Psychiatric/Mental Health"
"1013929397",1,"1041C0700X","Q1-0000117","DE","Y","Behav/Soc Svc: Soc Worker: Clinical"
"1033741673",1,"2255A2300X",,,"Y","Resp/Dev/Reh/Rstr: Spec/Technol: Athletic Trainer"
"1063045300",1,"2255A2300X",,,"Y","Resp/Dev/Reh/Rstr: Spec/Technol: Athletic Trainer"
"1073016143",1,"363L00000X","LG0001137","DE","N","PA/APN: Nurse Practitioner"
"1073016143",2,"363LF0000X","LG0001137","DE","Y","PA/APN: NP: Family"
"1073050837",1,"163WL0100X","L1-0020981","DE","Y","Nursing: RN: Lactation Consultant"
"1093797078",1,"207RP1001X",,,"Y","Physician: Internal Med: Pulmonary Disease"
"1124236948",1,"207X00000X","562752","DE","N","Physician: Orthopaedic Surgery"
"1124236948",2,"207X00000X",,"DE","Y","Physician: Orthopaedic Surgery"
"1124513270",1,"2084P0800X","C7-0006917","DE","Y","Physician: Psych/Neurol: Psychiatry"
"1144387606",1,"235Z00000X",,"DE","Y","Speech/Lang/Hrg: Speech-Language Pathologist"
"1174004345",1,"261QS1000X",,,"Y","Amb HC Fac: Clinic/Ctr: Student Health"
"1174165427",1,"1223G0001X",,,"Y","Dental: Dentist: General Practice"
"1184078867",1,"261QU0200X",,"DE","Y","Amb HC Fac: Clinic/Ctr: Urgent Care"
"1184657439",1,"332B00000X","A30000654","DE","N","Supplier: Durable Medical Equipment & Medical Supplies"
"1184657439",2,"333600000X","A30000654","DE","N","Supplier: Pharmacy"
"1184657439",3,"3336C0003X","A30000654","DE","Y","Supplier: Pharm: Community/Retail Pharmacy"
"1205122595",1,"207RC0000X","C2-0012452","DE","N","Physician: Internal Med: Cardiovascular Disease"
"1205122595",2,"207RI0011X","C2-0012452","DE","Y","Physician: Internal Med: Interventional Cardiology"
"1205985819",1,"2085R0202X","C1-0001792","DE","Y","Physician: Radiol: Diagnostic Radiology"
"1215342076",1,"213ES0103X","E1-0000244","DE","Y","Podiatric: Podiatrist: Foot & Ankle Surgery"
"1225232903",1,"207X00000X","C1-0003868","DE","Y","Physician: Orthopaedic Surgery"
"1245865310",1,"2255A2300X",,,"Y","Resp/Dev/Reh/Rstr: Spec/Technol: Athletic Trainer"
"1295221372",1,"283X00000X",,,"Y","Hosp: Rehabilitation Hospital"
"1316161904",1,"101YA0400X",,,"N","Behav/Soc Svc: Counselor: Addiction (Substance Use Disorder)"
"1316161904",2,"276400000X",,,"Y","Hosp Unit: Rehabilitation, Substance Use Disorder Unit"
"1336603091",1,"101YM0800X","PC-0000779","DE","Y","Behav/Soc Svc: Counselor: Mental Health"
"1356728232",1,"363L00000X","LG-0000782","DE","Y","PA/APN: Nurse Practitioner"
"1366416026",1,"152W00000X","I3-0001251","DE","Y","Eye/Vsn: Optometrist"
"1386047223",1,"363LF0000X","LG-0001197","DE","Y","PA/APN: NP: Family"
"1386047223",2,"363LF0000X","5007245","NC","N","PA/APN: NP: Family"
"1386047223",3,"364SF0001X","5007245","NC","N","PA/APN: Clin Nrs Spec: Family Health"
"1386105666",1,"208600000X",,,"Y","Physician: Surgery"
"1386295087",1,"2255A2300X","J3-0000101","DE","Y","Resp/Dev/Reh/Rstr: Spec/Technol: Athletic Trainer"
"1396155792",1,"207V00000X","C2-0012717","DE","Y","Physician: Obstetrics & Gynecology"
"1396378485",1,"2255A2300X",,,"Y","Resp/Dev/Reh/Rstr: Spec/Technol: Athletic Trainer"
"1407022510",1,"261QU0200X",,"DE","Y","Amb HC Fac: Clinic/Ctr: Urgent Care"
"1417124348",1,"101YM0800X",,,"Y","Behav/Soc Svc: Counselor: Mental Health"
"1427051226",1,"207X00000X","CI0002468","DE","Y","Physician: Orthopaedic Surgery"
"1457854085",1,"163WM0705X","L1-0051813","DE","Y","Nursing: RN: Medical-Surgical"
"1467978205",1,"251E00000X",,,"Y","Agency: Home Health"
"1487977484",1,"101YA0400X","1118","DE","Y","Behav/Soc Svc: Counselor: Addiction (Substance Use Disorder)"
"1487977484",2,"101YA0400X",,,"N","Behav/Soc Svc: Counselor: Addiction (Substance Use Disorder)"
"1497073175",1,"207Q00000X","C1-0010753","DE","Y","Physician: Family Medicine"
"1508376518",1,"207X00000X",,,"Y","Physician: Orthopaedic Surgery"
"1518464726",1,"390200000X",,,"N","Student: Student in an Organized Health Care Education/Training Program"
"1518464726",2,"1835X0200X","A1-0005306","DE","Y","Pharm Svc: Pharm: Oncology"
"1528258779",1,"1223P0221X","DS037213","PA","Y","Dental: Dentist: Pediatric Dentistry"
"1528258779",2,"1223P0221X","G1-0001241","DE","N","Dental: Dentist: Pediatric Dentistry"
"1538434840",1,"367A00000X","LK-0000165","DE","Y","PA/APN: Advanced Practice Midwife"
"1629328547",1,"207L00000X","C1-0011719","DE","Y","Physician: Anesthesiology"
"1629328547",2,"207R00000X","R73433","AZ","N","Physician: Internal Medicine"
"1639325822",1,"101YA0400X",,,"N","Behav/Soc Svc: Counselor: Addiction (Substance Use Disorder)"
"1639325822",2,"103TF0000X",,,"N","Behav/Soc Svc: Psychol: Family"
"1639325822",3,"103TP2701X",,,"N","Behav/Soc Svc: Psychol: Group Psychotherapy"
"1639325822",4,"251S00000X",,,"N","Agency: Community/Behavioral Health"
"1639325822",5,"261QM0801X",,,"N","Amb HC Fac: Clinic/Ctr: Mental Health (Including Community Mental Health Center)"
"1639325822",6,"261QM0850X",,,"N","Amb HC Fac: Clinic/Ctr: Adult Mental Health"
"1639325822",7,"261QM0850X",,"DE","N","Amb HC Fac: Clinic/Ctr: Adult Mental Health"
"1639325822",8,"261QM0855X",,,"N","Amb HC Fac: Clinic/Ctr: Adolescent and Children Mental Health"
"1639325822",9,"261QM0855X",,"DE","N","Amb HC Fac: Clinic/Ctr: Adolescent and Children Mental Health"
"1639325822",10,"261QM1300X",,,"N","Amb HC Fac: Clinic/Ctr: Multi-Specialty"
"1639325822",11,"261QP2300X",,,"N","Amb HC Fac: Clinic/Ctr: Primary Care"
"1639325822",12,"261QR0405X",,"DE","N","Amb HC Fac: Clinic/Ctr: Rehabilitation, Substance Use Disorder"
"1639325822",13,"101YM0800X","PC-0000364","DE","Y","Behav/Soc Svc: Counselor: Mental Health"
"1639574692",1,"101Y00000X",,,"Y","Behav/Soc Svc: Counselor"
"1639631716",1,"225200000X","J2-0000233","DE","Y","Resp/Dev/Reh/Rstr: Physical Therapy Assistant"
"1669477618",1,"207RC0000X","MD062724L","PA","Y","Physician: Internal Med: Cardiovascular Disease"
"1679059869",1,"3747P1801X",,,"Y","Nrsg Svc Related: Technician: Personal Care Attendant"
"1699279554",1,"207XP3100X",,,"Y","Physician: Ortho Surg: Pediatric Orthopaedic Surgery"
"1700325057",1,"314000000X",,,"Y","Nrsg/CC Fac: Skilled Nursing Facility"
"1720499130",1,"207X00000X",,"DE","Y","Physician: Orthopaedic Surgery"
"1750337770",1,"332B00000X",,,"N","Supplier: Durable Medical Equipment & Medical Supplies"
"1750337770",2,"333600000X",,,"N","Supplier: Pharmacy"
"1750337770",3,"3336C0003X","A3-0000947","DE","Y","Supplier: Pharm: Community/Retail Pharmacy"
"1770145120",1,"363L00000X","LG-0001286","DE","Y","PA/APN: Nurse Practitioner"
"1770145120",2,"363LF0000X","LG-0001286","DE","N","PA/APN: NP: Family"
"1780829341",1,"2085R0202X","C1-0008740","DE","Y","Physician: Radiol: Diagnostic Radiology"
"1790272284",1,"261QR0200X","2018603008","DE","Y","Amb HC Fac: Clinic/Ctr: Radiology"
"1821077462",1,"207RC0000X","C2-0006879","DE","Y","Physician: Internal Med: Cardiovascular Disease"
"1841555166",1,"251S00000X","2008206138","DE","N","Agency: Community/Behavioral Health"
"1841555166",2,"261QM0850X",,"DE","N","Amb HC Fac: Clinic/Ctr: Adult Mental Health"
"1841555166",3,"261QM0855X",,"DE","N","Amb HC Fac: Clinic/Ctr: Adolescent and Children Mental Health"
"1841555166",4,"324500000X",,,"N","Res Trt Fac: Substance Abuse Rehabilitation Facility"
"1841555166",5,"103TP2701X","2008206138","DE","Y","Behav/Soc Svc: Psychol: Group Psychotherapy"
"1851373823",1,"207RP1001X","C20003705","DE","Y","Physician: Internal Med: Pulmonary Disease"
"1851760094",1,"363A00000X","C5-0001017","DE","Y","PA/APN: Physician Assistant"
"1861983462",1,"363LF0000X","LG-0001148","DE","Y","PA/APN: NP: Family"
"1871000869",1,"101YA0400X","592","DE","Y","Behav/Soc Svc: Counselor: Addiction (Substance Use Disorder)"
"1881110435",1,"332B00000X",,,"Y","Supplier: Durable Medical Equipment & Medical Supplies"
"1902212830",1,"333600000X",,,"N","Supplier: Pharmacy"
"1902212830",2,"3336C0003X","A3-0000895","DE","Y","Supplier: Pharm: Community/Retail Pharmacy"
"1912374208",1,"332B00000X",,,"N","Supplier: Durable Medical Equipment & Medical Supplies"
"1912374208",2,"333600000X",,,"N","Supplier: Pharmacy"
"1912374208",3,"3336C0003X","A3-0000667","DE","Y","Supplier: Pharm: Community/Retail Pharmacy"
"1932174505",1,"332B00000X",,,"N","Supplier: Durable Medical Equipment & Medical Supplies"
"1932174505",2,"152W00000X",,,"N","Eye/Vsn: Optometrist"
"1932174505",3,"207W00000X",,,"Y","Physician: Ophthalmology"
"1932614393",1,"251E00000X",,,"Y","Agency: Home Health"
"1942788179",1,"332B00000X",,,"Y","Supplier: Durable Medical Equipment & Medical Supplies"
"1962632364",1,"207Q00000X","C2-0010489","DE","Y","Physician: Family Medicine"
"1962632364",2,"207R00000X","C2-0010489","DE","N","Physician: Internal Medicine"
"1962632364",3,"207R00000X","125-056572","IL","N","Physician: Internal Medicine"
"1962632364",4,"208000000X","C2-0010489","DE","N","Physician: Pediatrics"
"1962632364",5,"208000000X","125-056572","IL","N","Physician: Pediatrics"
"1992191720",1,"1223G0001X","G1-0001262","DE","Y","Dental: Dentist: General Practice"
"1992226922",1,"363LA2200X","SP017607","PA","Y","PA/APN: NP: Adult Health"
