"NPI","Mail1stAddr","Mail2ndAddr","MailCity","MailState","MailZip","MailCountry","Prac1stAddr","Prac2ndAddr","PracCity","PracState","PracZip","PracCountry"
"1003390162","37106 FAIRWAY DRIVE",,"FRANKFORD","DE","19945","US","37106 FAIRWAY DRIVE",,"FRANKFORD","DE","19945","US"
"1013929397","121 W LOOCKERMAN ST",,"DOVER","DE","199047325","US","121 W LOOCKERMAN ST",,"DOVER","DE","19904","US"
"1033741673","1109 WOODELA LN",,"MIDDLETOWN","DE","197098742","US","541 SOUTH COLLEGE AVENUE",,"NEWARK","DE","19716","US"
"1063045300","34 PROCTOR HILL RD",,"HOLLIS","NH","030496428","US","541 SOUTH COLLEGE AVENUE",,"NEWARK","DE","19716","US"
"1073016143","2 PENNS WAY STE 412",,"NEW CASTLE","DE","197202407","US","404 FOX HUNT DR",,"BEAR","DE","19701","US"
"1073050837","120 HIAWATHA LANE",,"DOVER","DE","19904","US","640 SOUTH STATE STREET",,"DOVER","DE","19904","US"
"1093797078","31 GOODEN AVE",,"DOVER","DE","199044143","US","31 GOODEN AVE",,"DOVER","DE","19904","US"
"1124236948","4745 OGLETOWN-STANTON RD","SUITE 225","NEWARK","DE","19713","US","737 SOUTH QUEEN ST","SUITE 2","DOVER","DE","19904","US"
"1124513270","434 ROGER CHAFFEE SQ.",,"BEAR","DE","19701","US","434 ROGER CHAFFEE SQ.",,"BEAR","DE","19701","US"
"1144387606","62 CYPRESS BRIDGE PL",,"BEAR","DE","197011014","US","100 ENTERPRISE PL STE 1",,"DOVER","DE","19904","US"
"1174004345","222 PHILADELPHIA PIKE STE 13",,"WILMINGTON","DE","198093166","US","4050 WRANGLE HILL RD",,"BEAR","DE","19701","US"
"1174165427","131 BECKS WOODS DR.",,"BEAR","DE","19701","US","131 BECKS WOODS DR.",,"BEAR","DE","19701","US"
"1184078867","PO BOX 428",,"ELKTON","MD","219220428","US","131 BECKS WOODS DRIVE",,"BEAR","DE","19701","US"
"1184657439","PO BOX 1000","MS 3000","PORTLAND","ME","041045005","US","19312 LIGHTHOUSE PLAZA BLVD",,"REHOBOTH BEACH","DE","19971","US"
"1205122595","640 S. STATE STREET","POB 3RD FLOOR","DOVER","DE","19901","US","540 S GOVERNORS AVE STE 201",,"DOVER","DE","19904","US"
"1205985819","710 S QUEEN ST",,"DOVER","DE","199043567","US","710 S QUEEN ST",,"DOVER","DE","19904","US"
"1215342076","18947 JOHN J WILLIAMS HWY UNIT 210",,"REHOBOTH BEACH","DE","199714476","US","18947 JOHN J WILLIAMS HWY UNIT 210",,"REHOBOTH BEACH","DE","19971","US"
"1225232903","260 BEISER BLVD","SUITE 101","DOVER","DE","199047790","US","260 BEISER BLVD","SUITE 101","DOVER","DE","19904","US"
"1245865310","22 SHERWOOD CT",,"NEWFOUNDLAND","NJ","074351713","US","541 S COLLEGE AVE",,"NEWARK","DE","19716","US"
"1295221372","1828 GOOD HOPE RD STE 102",,"ENOLA","PA","170251203","US","1240 MCKEE ROAD",,"DOVER","DE","19904","US"
"1316161904","30000 CORDREY ROAD",,"MILLSBORO","DE","19966","US","20576 COASTAL HIGHWAY",,"REHOBOTH BEACH","DE","19971","US"
"1336603091","150 THERESA WAY",,"MAGNOLIA","DE","19962","US","32 WEST LOOKERMAN STREET","SUITE #103","DOVER","DE","19904","US"
"1356728232","64 SPRING CREEK DR",,"TOWNSEND","DE","197349054","US","748 S NEW ST","SUITES C & D","DOVER","DE","19904","US"
"1366416026","820 WALKER RD","VISION QUEST EYE CARE CENTER INC","DOVER","DE","19904","US","820 WALKER RD",,"DOVER","DE","19904","US"
"1386047223","1000 MIDWAY DR STE 3",,"HARRINGTON","DE","199522448","US","642 S QUEEN ST STE 102",,"DOVER","DE","19904","US"
"1386105666","211 EXECUTIVE DR STE 11",,"NEWARK","DE","197023358","US","19409 PLANTATION ROAD","2ND FL, SUITE 2","REHOBOTH BEACH","DE","19971","US"
"1386295087","541 SOUTH COLLEGE AVENUE",,"NEWARK","DE","19716","US","541 SOUTH COLLEGE AVE",,"NEWARK","DE","19716","US"
"1396155792","19405 PLANTATION RD",,"REHOBOTH BEACH","DE","199714413","US","19405 PLANTATION RD",,"REHOBOTH BEACH","DE","19971","US"
"1396378485","18 EVAGROD ST",,"BRIDGEWATER","NJ","088073237","US","541 SOUTH COLLEGE AVE",,"NEWARK","DE","19716","US"
"1407022510","1505 E CHURCHVILLE RD",,"BEL AIR","MD","210144742","US","200 BANNING STREET",,"DOVER","DE","19904","US"
"1417124348","125 GREENTREE DRIVE","SUITE 1","DOVER","DE","19904","US","125 GREENTREE DRIVE","SUITE 1","DOVER","DE","19904","US"
"1427051226","211 EXECUTIVE DR STE 11",,"NEWARK","DE","197023358","US","285 BEISER BLVD STE 201",,"DOVER","DE","19904","US"
"1457854085","9268 S MAYHEW DR",,"LINCOLN","DE","199602723","US","242 SAVANNAH RD",,"LEWES","DE","19960","US"
"1467978205","603 PARKMAN CT",,"BEAR","DE","197014940","US","603 PARKMAN COURT",,"BEAR","DE","19701","US"
"1487977484","34 EMERSON DRIVE",,"DOVER","DE","19901","US","19500 PINE ROAD",,"LINCOLN","DE","19960","US"
"1497073175","PO BOX 151",,"NEW CASTLE","DE","197200151","US","404 FOX HUNT DRIVE",,"BEAR","DE","19701","US"
"1508376518","211 EXECUTIVE DR STE 11",,"NEWARK","DE","197023358","US","285 BEISER BLVD","STE 201","DOVER","DE","19904","US"
"1518464726","36752 SAINT GEORGE RD",,"DELMAR","DE","199403322","US","18947 JOHN J WILLIAMS HWY",,"REHOBOTH BEACH","DE","19971","US"
"1528258779","18947 JOHN J WILLIAMS HWY","SUITE 309","REHOBOTH BEACH","DE","199714474","US","18947 JOHN J WILLIAMS HWY","SUITE 309","REHOBOTH BEACH","DE","19971","US"
"1538434840","200 BANNING STREET","SUITE 320","DOVER","DE","19904","US","200 BANNING STREET","SUITE 320","DOVER","DE","19904","US"
"1629328547","212 PORTMARNOCK CT",,"DOVER","DE","199049430","US","212 PORTMARNOCK CT",,"DOVER","DE","19904","US"
"1639325822","121 W LOOCKERMAN ST",,"DOVER","DE","199047325","US","121 W LOOCKERMAN ST",,"DOVER","DE","19904","US"
"1639574692","516 DANIELS CT",,"BEAR","DE","197011178","US","516 DANIELS CT",,"BEAR","DE","19701","US"
"1639631716","313 LEA AVE",,"FREDERICA","DE","199461978","US","301 SOUTH BANNING STREET",,"DOVER","DE","19904","US"
"1669477618","200 BANNING ST STE 310",,"DOVER","DE","199043488","US","200 BANNING ST STE 310",,"DOVER","DE","19904","US"
"1679059869","1019 SOUTH GOVENORS AVENUE",,"DOVER","DE","19904","US","1019 SOUTH GOVENORS AVENUE",,"DOVER","DE","19904","US"
"1699279554","518 HOLLY KNOLL RD",,"HOCKESSIN","DE","197079749","US","1057 S BRADFORD ST",,"DOVER","DE","19904","US"
"1700325057","3490 CENTENNIAL BLVD",,"COLORADO SPRINGS","CO","809074087","US","300 BANNING STREET",,"DOVER","DE","19904","US"
"1720499130","4745 OGLETOWN STANTON RD","STE 225","NEWARK","DE","19713","US","720 S QUEEN ST",,"DOVER","DE","19904","US"
"1750337770","250 E PARKCENTER BLVD","MAILSTOP SEC2-B","BOISE","ID","837063940","US","146 FOX HUNT DR","ROUTE 40","BEAR","DE","19701","US"
"1770145120","640 S. STATE STREET","MAIL CODE 3055","DOVER","DE","19901","US","540 S. GOVERNORS AVE, STE 101A",,"DOVER","DE","19904","US"
"1780829341","710 S QUEEN ST",,"DOVER","DE","199043567","US","710 S QUEEN ST",,"DOVER","DE","19904","US"
"1790272284","211 EXECUTIVE DR STE 11",,"NEWARK","DE","197023358","US","285 BEISER BLVD","SUITE 101","DOVER","DE","19904","US"
"1821077462","640 S. STATE STREET","MAIL CODE 3055","DOVER","DE","199013530","US","200 BANNING STREET","SUITE 340","DOVER","DE","19904","US"
"1841555166","121 W LOOCKERMAN ST",,"DOVER","DE","199047325","US","121 W LOOCKERMAN ST",,"DOVER","DE","19904","US"
"1851373823","31 GOODEN AVE",,"DOVER","DE","199044143","US","31 GOODEN AVE",,"DOVER","DE","19904","US"
"1851760094","640 S. STATE STREET","MAIL CODE 3055","DOVER","DE","199013530","US","200 BANNING STREET, SUITE 340","EDEN HILL MEDICAL CENTER","DOVER","DE","19904","US"
"1861983462","79 ALBERT PL",,"FELTON","DE","199436955","US","200 BANNING ST STE 210",,"DOVER","DE","19904","US"
"1871000869","44 CARVER RD",,"DOVER","DE","199042716","US","44 CARVER ROAD",,"DOVER","DE","19904","US"
"1881110435","18766 JOHN J WILLIAMS HWY # 215",,"REHOBOTH BEACH","DE","199714417","US","18766 JOHN J WILLIAMS HWY #215",,"REHOBOTH BEACH","DE","19971","US"
"1902212830","PO BOX 15169",,"NEWARK","NJ","071925169","US","1101 GOVERNORS PL",,"BEAR","DE","19701","US"
"1912374208","250 E PARKCENTER BLVD","MAILSTOP SEC2-B","BOISE","ID","837063940","US","18578 COASTAL HWY","STE 13","REHOBOTH BEACH","DE","19971","US"
"1932174505","833 S GOVERNORS AVE",,"DOVER","DE","199044158","US","833 S GOVERNORS AVE",,"DOVER","DE","19904","US"
"1932614393","14 S SAINT GEORGE TER",,"BEAR","DE","197011095","US","14 S SAINT GEORGE TER",,"BEAR","DE","19701","US"
"1942788179","790 REMINGTON BLVD",,"BOLINGBROOK","IL","604404909","US","285 BEISER BLVD","SUITE 202","DOVER","DE","19904","US"
"1962632364","2 PENNS WAY","SUITE 412","NEW CASTLE","DE","19720","US","404 FOX HUNT DR",,"BEAR","DE","19701","US"
"1992191720","262 FOX HUNT DRIVE",,"BEAR","DE","19701","US","262 FOX HUNT DRIVE",,"BEAR","DE","19701","US"
"1992226922","30 PRINTZ DR",,"BEAR","DE","197013099","US","30 PRINTZ DRIVE",,"BEAR","DE","19701","US"
